name	total_call_sites	distinct_scripts	prefix_group
vint_set_property	7720	461	vint
vint_object_find	4882	444	vint
pairs	2580	256	pairs
thread_yield	1474	94	thread
vint_get_property	966	281	vint
thread_new	931	113	thread
debug_print	816	161	debug
max	704	192	max
thread_kill	591	85	thread
floor	449	151	floor
vint_object_create	439	112	vint
vint_object_destroy	328	101	vint
type	214	58	type
thread_check_done	192	33	thread
vint_object_clone	173	71	vint
rand_int	166	38	rand
vint_insert_values_in_string	165	53	vint
vint_document_find	153	117	vint
vint_apply_start_values	152	44	vint
vint_is_std_res	136	88	vint
abs	97	58	abs
vint_dataitem_get	93	55	vint
min	87	79	min
rand_float	84	28	rand
vint_dataresponder_post	66	13	vint
vint_dataitem_add_subscription	65	34	vint
sizeof_table	49	15	sizeof
vint_datagroup_add_subscription	46	16	vint
round	37	37	round
get_frame_time	34	13	get
vint_get_screen_size	32	32	vint
vint_get_global_anchor	31	31	vint
ceil	28	6	ceil
vint_unsubscribe_to_raw_input	27	5	vint
vint_get_time_index	27	17	vint
vint_subscribe_to_raw_input	25	5	vint
vint_object_set_parent	24	11	vint
vint_object_parent	22	20	vint
which_side_of_2d_line	18	3	which
closest_point_on_line_segment	18	3	closest
vint_subscribe_to_input_event	15	6	vint
unpack	15	8	unpack
sqrt	10	9	sqrt
vint_document_unload	9	9	vint
vint_unsubscribe_to_input_event	8	6	vint
remove_tween_end_callback	7	7	remove
assert_msg	7	3	assert
tonumber	6	6	tonumber
Store_common_populate_list_cb	6	2	Store
vint_set_property_typed	4	2	vint
store_start_lighting_change	4	4	store
setmetatable	4	3	setmetatable
rawset	4	1	rawset
rawget	4	1	rawget
error	4	1	error
acos	4	4	acos
Cmp_common_cash_complete_cb	4	4	Cmp
vint_unsubscribe_to_mouse_input	3	1	vint
vint_object_next_sibling	3	1	vint
vint_object_first_child	3	1	vint
vint_internal_dataresponder_request	2	1	vint
vint_force_lua_gc	2	2	vint
vint_document_set_depth	2	2	vint
vint_debug_decode_wide_string	2	2	vint
vint_datagroup_remove_subscription	2	1	vint
vint_datagroup_remove_item	2	2	vint
sin	2	1	sin
screenshot_do	2	1	screenshot
persona_override_persona_stop_do	2	1	persona
persona_override_persona_start_do	2	1	persona
persona_override_character_stop_do	2	1	persona
persona_override_character_start_do	2	1	persona
cos	2	1	cos
Store_common_exit_cb	2	2	Store
Store_common_allow_input_cb	2	2	Store
Current_menu_anim_in_cb	2	2	Current
vint_subscribe_to_mouse_input	1	1	vint
vint_set_tween_event_reference	1	1	vint
vint_set_input_params	1	1	vint
vint_set_child_tween_reverse	1	1	vint
vint_object_get_name_from_handle	1	1	vint
vint_get_safe_frame	1	1	vint
vint_document_load	1	1	vint
vint_dataresponder_finished	1	1	vint
vint_clear_tween_event_reference	1	1	vint
thread_close	1	1	thread
script_assert	1	1	script
screenshot_check_done	1	1	screenshot
mesh_mover_wielding	1	1	mesh
m24_enable_continuous_spawn_region	1	1	m24
ipairs	1	1	ipairs
hack_fade_out	1	1	hack
hack_fade_in	1	1	hack
dlc2_m02_cellphone_call_wait	1	1	dlc2
cell_rewards_button_a	1	1	cell
cell_cheats_confirm_cheat	1	1	cell
cell_cheats_cancel_cheat	1	1	cell
attack	1	1	attack
assert	1	1	assert
Menu_swap_callback_function	1	1	Menu
Cell_transition_cb_func	1	1	Cell
