suffix	pooled_call_count	distinct_scripts_defining_it
init	699	699
cleanup	673	673
mouse_click	65	65
mouse_move	65	65
start	63	63
run	51	51
initialize	50	50
success	50	50
initialize_checkpoint	48	48
initialize_common	46	46
mouse_drag	30	30
scroll_done	30	30
mouse_drag_release	29	29
button_a	28	28
clear_trigger	28	28
exit	28	28
mouse_scroll	28	28
button_b	25	25
nav_down	23	23
nav_up	23	23
nav_left	18	18
nav_right	18	18
populate_list	18	18
update	18	18
populate	17	17
gained_focus	16	16
popup_nav	14	14
show	14	14
enable_mouse	13	13
exit_final	13	13
animate	12	12
dimmer_show	12	12
exit_to_game	12	12
main_menu_cb	12	12
main_menu_loop	12	12
main_menu_setup	12	12
morph	12	12
play_video	12	12
press_start_cb	12	12
press_start_loop	12	12
press_start_setup	12	12
set_background	12	12
set_trigger	12	12
set_type	12	12
set_video	12	12
slide_in	12	12
slide_out	12	12
stronghold_drop_out	12	12
fail_msg	11	11
lock_controls	11	11
unlock_controls	10	10
allow_input	8	8
button_map	8	8
exit_to_main	8	8
get_persona_handle	8	8
lost_focus	8	8
set_hints	8	8
bg_anim_done	7	7
cleanup_groups	7	7
cleanup_triggers	7	7
grid_nav	7	7
header_revert	7	7
play_convo	7	7
set_logo	7	7
setup_crew	7	7
add	6	6
button_press	6	6
button_start	6	6
cleanup_threads	6	6
complete	6	6
convo_is_playing	6	6
coop_disconnect	6	6
crib_exit	6	6
failure_dismissed_cb	6	6
game_is_paused	6	6
image_loaded	6	6
input	6	6
inputs_unsubscribe	6	6
next_cb	6	6
next_screen	6	6
pause	6	6
play_persona_line	6	6
set_reward_count	6	6
start_continuous_spawns	6	6
start_convo_thread	6	6
unload_all_convos	6	6
unload_convo	6	6
unload_convo_set	6	6
unload_personas	6	6
audio_thread	5	5
call_ended_cb	5	5
camera_shake	5	5
cash_update	5	5
cleanup_homies	5	5
close	5	5
enemy_killed	5	4
helper_achievement_increment	5	5
helper_achievement_read_checkpoint	5	5
helper_achievement_reset	5	5
item_nav	5	5
load_personas	5	5
nav	5	5
play_cell_convo	5	5
play_convo_set	5	5
play_exit_anim	5	5
post_music_event	5	5
reset	5	5
stop_continuous_spawns	5	5
bg_saints_show	4	4
bitmap_loaded	4	4
camera_shake_update	4	4
cash_bonus_slam	4	4
cash_bonus_start	4	4
cash_callback_enable	4	4
cash_count_thread	4	4
cash_end	4	4
cash_out	4	4
cash_skip	4	4
cash_slam	4	4
cash_start	4	4
cell_convo_finished	4	4
check_online_for_gallery	4	4
cleanup_conversations	4	4
cleanup_movers	4	4
cleanup_trigger	4	4
color_select	4	4
composite_alpha_change	4	4
composite_alpha_done	4	4
composite_show_alpha_menu	4	4
control_cb_enable	4	4
control_end	4	4
control_fill_end	4	4
control_fill_meter	4	4
control_meter_update	4	4
control_out	4	4
control_set_time	4	4
control_skip	4	4
control_slam	4	4
control_start	4	4
convo	4	4
convo_end	4	4
convo_end_all	4	4
convo_play_thread	4	4
convo_start	4	4
convo_wait_for_end	4	4
coop_wait_dialog	4	4
coop_wait_out	4	4
coop_wait_skip	4	4
coop_wait_start	4	4
end_call	4	4
finished	4	4
get_valid_handle	4	4
hide	4	4
hint_bar_hide	4	4
hint_bar_move	4	4
hint_bar_show	4	4
ignore_input	4	4
image_fade_out	4	4
input_block_delay	4	4
input_block_thread	4	4
inventory_hide	4	4
inventory_input	4	4
inventory_process	4	4
inventory_show	4	4
item_add	4	4
item_purchase_final	4	4
item_revert	4	4
kill_list_add	4	4
kill_list_clear	4	4
kill_list_clear_all	4	4
kill_list_get_count	4	4
kill_list_member_dead_cb	4	4
kill_list_wait_for_complete	4	4
load_gallery	4	4
lut_effect	4	4
player_entered_vehicle_cb	4	4
process	4	4
respect_cb_enable	4	4
respect_end	4	4
respect_fill_cb	4	4
respect_fill_end	4	4
respect_fill_meter	4	4
respect_meter_update	4	4
respect_next_level	4	4
respect_out	4	4
respect_set_time	4	4
respect_skip	4	4
respect_slam	4	4
respect_slam_bonus	4	4
respect_start	4	4
return_main	4	4
rewards_end	4	4
rewards_out	4	4
rewards_skip	4	4
rewards_start	4	4
right_justification	4	4
screen_advance	4	4
screen_set_data	4	4
screen_start	4	4
scroll_thread	4	4
set_start_camera	4	4
set_tool_tip	4	4
stack_get_index	4	4
star_power_start	4	4
stumble	4	4
title_end	4	4
title_out	4	4
title_resize	4	4
title_skip	4	4
title_slam	4	4
title_start	4	4
trigger_cb	4	4
trigger_clear	4	4
trigger_clear_all	4	4
trigger_get_table	4	4
trigger_setup	4	4
wrapper_thread	4	4
add_color	3	3
anim_in_cb	3	3
anim_out_cb	3	3
attack	3	3
bg_is_loaded	3	3
brute_killed_cb	3	3
button_x	3	3
button_y	3	3
category_add	3	3
category_menu_update	3	3
category_nav	3	3
cellphone_call_cb	3	3
cellphone_call_wait	3	3
change_position	3	3
checkpoint_do_basics	3	3
checkpoint_spawn_groups	3	3
cleanup_decision	3	3
cleanup_enemies	3	3
cleanup_personas	3	3
clear_crew	3	3
color_grid_nav	3	3
color_selected	3	3
confirm_quit	3	3
convo_manager	3	3
convo_play	3	3
convo_queue_play_thread	3	3
convo_queue_start	3	3
convo_queue_wait_for_end	3	3
end_conversations	3	3
failure_pierce_died_cb	3	3
failure_shaundi_died	3	3
finish_phonecall_cb	3	3
first_frame	3	3
game_paused	3	3
goto_a_trigger	3	3
goto_a_trigger_cleanup	3	3
goto_a_trigger_setup	3	3
guided_hide	3	3
guided_show	3	3
guided_update	3	3
helper_achievements_write_checkpoint	3	3
helper_conversation_check_done	3	3
helper_conversation_cleanup_playing	3	3
helper_conversation_kill_all	3	3
helper_conversation_play	3	3
helper_play_conversation	3	3
load_complete	3	3
menu_show	3	3
mode_set_init	3	3
mouse_down	3	3
nav_left_right	3	3
oleg_died_cb	3	3
peg_delay_load	3	3
peg_load	3	3
peg_load_complete	3	3
peg_loaded	3	3
process_enemy_set	3	3
rc_hide	3	3
rc_show	3	3
rc_update	3	3
respect_update	3	3
satelite_update	3	3
satellite_hide	3	3
satellite_show	3	3
set_color	3	3
set_description	3	3
setup_homies	3	3
setup_stag_transport	3	3
shaundi_killed_cb	3	3
show_spinner	3	3
static_fill_frame	3	3
static_set	3	3
static_start	3	3
static_stop	3	3
static_thread	3	3
switch_mode	3	3
switch_mode_complete	3	3
switch_to_store	3	3
text_update	3	3
thread	3	3
thread_play_convo	3	3
thread_process_conversations	3	3
trigger_cback	3	3
trigger_reached	3	3
upgrade_nav	3	3
vignette_show	3	3
1	2	2
5	2	2
6	2	2
add_image	2	2
add_menu_items	2	2
add_mouse_inputs	2	2
adjust_spawning	2	2
advance	2	2
advance_window	2	2
airport_killbane_path_thread	2	2
allow_grid_input	2	2
ambush_triggered_cb	2	2
ammo_add_items	2	2
ammo_find_by_id	2	2
ammo_nav	2	2
ammo_open_radial	2	2
ammo_purchase	2	2
angel_car_path_thread	2	2
angel_rail_cutscene	2	2
anim_cash_thread	2	2
anim_complete	2	2
animate_cash	2	2
apply_preset	2	2
area_add	2	2
area_menu_update	2	2
area_nav	2	2
armory_reached_cb	2	2
arrived_at_dock_sequence	2	2
attack_line_cb	2	2
audio_out	2	2
back_menu	2	2
balance_meter_change	2	2
battle_area_exited_cb	2	2
battle_area_triggered_cb	2	2
battle_zone_initial_died_cb	2	2
battle_zone_stag_initial_died_cb	2	2
battle_zone_synd_initial_died_cb	2	2
bg_anim	2	2
body_menu_return	2	2
book_build	2	2
book_button_a	2	2
book_button_b	2	2
book_button_map	2	2
book_highlight	2	2
book_nav_down	2	2
book_nav_up	2	2
book_scroll_cb	2	2
brand_load_peg	2	2
brand_loaded	2	2
brand_swap_logo	2	2
brute_02_cb	2	2
brute_03_cb	2	2
brute_enable	2	2
brute_killed	2	2
burt_damaged_cb	2	2
busted_complete	2	2
busted_fade_in	2	2
busted_init	2	2
bz_boss_killed_cb	2	2
c41_destroyed_cb	2	2
c41_entered_water_cb	2	2
c4_damaged_cb	2	2
c4_destroyed_cb	2	2
c4_entered_water_cb	2	2
c4_objective_cte	2	2
cache_nav	2	2
cache_open_radial	2	2
call_build	2	2
call_hangup_cb	2	2
call_input	2	2
camera_on_nav	2	2
cancel_radial	2	2
cash_destroy	2	2
categories_add	2	2
categories_on_show	2	2
categories_select	2	2
category_get_all	2	2
category_item_add	2	2
category_on_back	2	2
category_on_nav	2	2
category_on_show	2	2
category_select	2	2
cb	2	2
cb_escape_time_expired	2	2
change	2	2
change_clothes	2	2
change_state	2	2
change_weapon_preview	2	2
cheat_icon_update	2	2
checkpoint_complete_container	2	2
checkpoint_is_battle_zone	2	2
checkpoint_is_get_to_armory	2	2
chem_01_spawn_cb	2	2
chem_02_spawn_cb	2	2
chem_03_spawn_cb	2	2
chem_truck_in_water	2	2
choice_airport_cutscene	2	2
choice_statue_cutscene	2	2
chopper_destroyed_cb	2	2
cleanup_active_battle_zone	2	2
cleanup_audio_item	2	2
cleanup_battle_zone_finale	2	2
cleanup_battle_zone_kill_enemies	2	2
cleanup_battle_zone_saint_reinforcements	2	2
cleanup_battle_zones	2	2
cleanup_continuous_spawn_groups	2	2
cleanup_continuous_spawn_regions	2	2
cleanup_convos	2	2
cleanup_crew	2	2
cleanup_current_store	2	2
cleanup_goto_armory_sequence	2	2
cleanup_group_members	2	2
cleanup_kill_kia	2	2
cleanup_rail_group	2	2
cleanup_save_the_saints	2	2
cleanup_start	2	2
cleanup_statue_courtesy_boats	2	2
clear_container	2	2
clear_container_markers	2	2
clear_objective	2	2
clear_seconodary_objective	2	2
clear_tod	2	2
clear_triggers	2	2
clear_waypoint_target	2	2
close_radial	2	2
collection_msg_end	2	2
collection_msg_init	2	2
collection_msg_new	2	2
collection_msg_show	2	2
color_add	2	2
color_grid_show	2	2
color_nav	2	2
combo_total_cleanup	2	2
combo_total_update	2	2
composite_add_color	2	2
composite_alpha_revert	2	2
composite_color_grid_nav	2	2
composite_color_grid_show	2	2
composite_color_select	2	2
composite_face_features_remove	2	2
composite_item_add	2	2
composite_item_delayed_set	2	2
composite_item_nav	2	2
composite_item_revert	2	2
composite_item_set	2	2
composite_menu_build	2	2
composite_restore_info	2	2
composite_save_info	2	2
composite_update	2	2
confirm_randomize	2	2
container_in_water_cb	2	2
container_moved_or_found_thread	2	2
continuous_spawns_stop	2	2
cover_weapon	2	2
crash_heli	2	2
create_player_courtesy_vehicle	2	2
creation_add_clothes	2	2
creation_strip_clothes	2	2
crib_is_loaded	2	2
cruise_control_update	2	2
cruise_control_update_pos	2	2
customization_to_finished	2	2
customization_to_gallery_full	2	2
customization_to_lineup	2	2
cut_power	2	2
cycle	2	2
debug_print	2	2
decker_attack_cb	2	2
delayed_set_hair_item	2	2
deploy_tanks	2	2
dial_connection_cb	2	2
do_character_fiaj_thread	2	2
do_containers_checkpoints	2	2
do_mask	2	2
do_nothing	2	2
do_rescue	2	2
do_responder	2	2
doors_cb	2	2
doors_freeze_cb	2	2
dumb_crew	2	2
dumpster_cb	2	2
effect_busted	2	2
effect_end	2	2
effect_pause	2	2
effect_smoked	2	2
element_fade	2	2
element_fade_end	2	2
enable_mouse_split	2	2
enable_text_shadow	2	2
end	2	2
end_streaming	2	2
enemy_killed_cb	2	2
equip_temp_weapons_for_save_saints	2	2
escape1_cb	2	2
escape2_cb	2	2
event_update	2	2
exit_early	2	2
exit_screen	2	2
exit_to_extras	2	2
exited	2	2
eye_color_add	2	2
eye_color_selected	2	2
eye_delayed_set	2	2
eye_grid_nav	2	2
eye_grid_show	2	2
eye_swatch_loaded	2	2
face_menu_back	2	2
face_menu_fill	2	2
fade_out	2	2
fail_timer	2	2
failure_abandon_pierce	2	2
failure_pierce_died	2	2
failure_suko_abandon_cb	2	2
failure_suko_died_cb	2	2
failure_truck_destroyed_cb	2	2
fill_global_menu	2	2
fill_hair_menu	2	2
find_trigger	2	2
first_brute_dead_cb	2	2
first_floor_cb	2	2
flaming_brute_thread	2	2
fly_path_thread	2	2
fly_to_thread	2	2
gallery_download_to_customization	2	2
gallery_download_to_lineup	2	2
gallery_full_to_customization	2	2
garage_build	2	2
garage_button_a	2	2
garage_button_b	2	2
garage_button_map	2	2
garage_map	2	2
garage_nav_down	2	2
garage_nav_up	2	2
garage_no_vehicle_cb	2	2
garage_no_vehicles_dialog	2	2
garage_populate	2	2
get_container_checkpoint	2	2
get_data	2	2
get_images	2	2
get_list	2	2
get_list_data	2	2
get_num_destroyed_containers	2	2
get_owned_item_info	2	2
get_players_zone	2	2
give_fart_in_jar_ammo_cb	2	2
give_temp_weapons_for_save_saints	2	2
go_to_entrance	2	2
go_to_saints_hq	2	2
go_to_statue_sequence	2	2
goto_armory_sequence	2	2
gps_path_to_nearest_battle	2	2
grid_add_items	2	2
grid_add_thrown_items	2	2
grid_confirm	2	2
grid_open	2	2
grid_populate_weapon_stats	2	2
grid_selected	2	2
group_get_members	2	2
gsi_vdo_update	2	2
guards_scene	2	2
hair_acc_color_add	2	2
hair_acc_color_menu_fill	2	2
hair_acc_color_nav	2	2
hair_acc_color_select	2	2
hair_acc_color_selected	2	2
hair_color_add	2	2
hair_color_grid_show	2	2
hair_color_nav	2	2
hair_color_selected	2	2
hair_item_add	2	2
hair_item_revert	2	2
hair_item_save	2	2
hair_item_select	2	2
hair_randomize	2	2
hair_save_current	2	2
hair_style_nav	2	2
hair_style_show	2	2
hair_swatch_loaded	2	2
handle_mask_trigger_thread	2	2
handle_state	2	2
health_decay_end	2	2
health_decay_start	2	2
health_flash_complete	2	2
health_screen_fade	2	2
health_screen_fade_complete	2	2
heli_arrival	2	2
heli_destroyed_cb	2	2
heli_entered	2	2
helper_achievement_write_checkpoint	2	2
helper_battle_zone_from_trigger	2	2
helper_cleanup_ambush_group	2	2
helper_dialog_check_done	2	2
helper_dialog_cleanup_playing	2	2
helper_dialog_kill_all	2	2
helper_dialog_play	2	2
helper_hide_hud	2	2
helper_human_can_play_anim	2	2
helper_populate_statue	2	2
helper_setup_ambush_group	2	2
helper_update_battle_zone_hud	2	2
hide_controls	2	2
hide_map	2	2
hit_clear_all	2	2
hit_fade_end	2	2
hits_updates_pos	2	2
homie_death_fail_cb	2	2
human_left_statue_cb	2	2
icon_add	2	2
icon_add_end	2	2
icon_decay	2	2
icon_hide	2	2
icon_hide_end	2	2
icon_process_state	2	2
icon_pulse	2	2
icon_pulse_end	2	2
icon_remove	2	2
icon_set_state	2	2
icon_set_state_silent	2	2
icon_visible	2	2
image_downloaded	2	2
in_transit_to_airport	2	2
input_a	2	2
input_disable	2	2
input_enable	2	2
input_joy	2	2
intro_anim_complete	2	2
is_lineup_loaded	2	2
is_stream_in_progress	2	2
island_entrance_cb	2	2
item_delayed_set	2	2
item_details	2	2
item_discard	2	2
item_discard_confirm_1	2	2
item_discard_confirm_2	2	2
item_get_defaults	2	2
item_get_list	2	2
item_get_slot_info	2	2
item_preview	2	2
item_preview_update	2	2
item_purchase	2	2
item_remove	2	2
item_set	2	2
item_show	2	2
item_wear	2	2
jump_local	2	2
jump_remote	2	2
kia_boss_ai_evaluate_move	2	2
kia_boss_ai_thread	2	2
kia_coop_reinforcements_thread	2	2
kia_damaged_cb	2	2
kia_do_move_away_from_player	2	2
kia_do_take_cover_from_vtol	2	2
kia_fight_cte	2	2
kia_process_vomit_thread	2	2
kill_killbane_perimeter	2	2
killbane_plane_destroyed_scene	2	2
killbane_qte_completed_cb	2	2
line_up_is_loaded	2	2
lineup_images_loaded	2	2
lineup_nav	2	2
lineup_return_confirm	2	2
lineup_return_confirm2	2	2
lineup_select	2	2
lineup_susan_in_done	2	2
lineup_susan_out_done	2	2
lineup_to_customization	2	2
lineup_to_gallery_download	2	2
list_show	2	2
load_cb	2	2
load_triangle	2	2
lock_input	2	2
lock_radial	2	2
loop_nobody_bg	2	2
main_menu_fill	2	2
makeup_enter_menu	2	2
makeup_menu_fill	2	2
makeup_randomize	2	2
manage_players_car_speed_thread	2	2
map_objective_icon	2	2
mask_morph	2	2
mask_trigger_enter_cb	2	2
mask_trigger_exit_cb	2	2
menu_build	2	2
menu_trans_cb	2	2
menu_trans_in_complete	2	2
morph_accept	2	2
morph_add	2	2
morph_cancel	2	2
morph_cancel_confirm	2	2
morph_cancel_final	2	2
morph_change	2	2
morph_menu_build	2	2
morph_revert	2	2
morph_revert_confirm	2	2
morph_revert_confirm_final	2	2
morph_select	2	2
morph_show	2	2
mouse_right_click	2	2
move_left_stick_thread	2	2
move_left_x	2	2
move_left_y	2	2
moved_container_test	2	2
movement_add_item	2	2
movement_nav	2	2
movement_revert	2	2
movement_select	2	2
movement_show	2	2
movement_stop	2	2
mover_destroyed_cb	2	2
ms_attack_line_cb	2	2
music	2	2
nav_button_a	2	2
nav_button_b	2	2
nav_button_x	2	2
nav_do_nothing	2	2
nav_index	2	2
nav_to_closest_thread	2	2
nav_up_down	2	2
no_weapons	2	2
null	2	2
on_attack_performed_cb	2	2
on_death	2	2
open	2	2
open_rimjobs_cb	2	2
other_player_in_zone	2	2
out_of_mask_trigger_thread	2	2
outfit_add	2	2
outfit_create	2	2
outfit_delete	2	2
outfit_delete_confirm	2	2
outfit_enter	2	2
outfit_get_all	2	2
outfit_name_cb	2	2
outfit_nav	2	2
outfit_none	2	2
outfit_revert	2	2
outfit_select	2	2
outfit_select_confirm	2	2
party_member_dismissed	2	2
pause_all	2	2
pause_map_delay	2	2
personality_menu_fill	2	2
pierce_abandoned	2	2
pierce_abandoned_cb	2	2
pierce_died_cb	2	2
play_anim_out	2	2
play_container_destroyed_audio	2	2
play_conversation	2	2
play_convo_thread	2	2
play_persona_line_and_wait	2	2
play_success_anim	2	2
play_time_low	2	2
player_choice_cb	2	2
player_damaged_while_diving_cb	2	2
player_followers_change	2	2
player_health_decrease_anim	2	2
player_health_hide	2	2
player_health_increase_anim	2	2
player_health_show	2	2
player_health_thread	2	2
player_hood_change	2	2
player_in_chem_truck_cb	2	2
player_lockon_update	2	2
player_picked_up_weapon_cb	2	1
player_reached_breadcrumb_cb	2	2
player_reached_top_cb	2	2
player_reset_complete	2	2
player_respect_change	2	2
player_respect_force_hide	2	2
player_respect_hide	2	2
player_satellite_weapon	2	2
player_sprint_hide	2	2
player_sprint_show	2	2
player_status_change	2	2
player_status_inf_change	2	2
player_stumble	2	2
player_tank_destroyed_cb	2	2
player_used_elevator_cb	2	2
player_weapon_change	2	2
player_weapon_freq_change	2	2
players_stumble_thd	2	2
populate_rewards	2	2
populate_weapon_grid	2	2
post_audio_event	2	2
preset_cleanup	2	2
preset_enter_main	2	2
preset_nav	2	2
preset_race_fill	2	2
preset_save_age	2	2
preset_save_figure	2	2
preset_save_race	2	2
preset_sex_fill	2	2
preset_update_thread	2	2
preview_voice	2	2
process_active_battle_zone_thread	2	2
process_armory_fight	2	2
process_attack_cb	2	2
process_battle_zone_finale	2	2
process_battle_zone_kill_enemies	2	2
process_battle_zone_sequence	2	2
process_burt_dialog_thread	2	2
process_kia_vtol_circling	2	2
process_kia_vtols_thread	2	2
process_kill_kia	2	2
process_kill_kia_dialog_thread	2	2
process_kill_killbane	2	2
process_kill_killbane_dialog_thread	2	2
process_killbane_chase_sequence	2	2
process_player_choice_sequence	2	2
process_save_the_saints	2	2
projectile_hit_cb	2	2
protect_angel_sequence	2	2
purchase	2	2
purchase_nav	2	2
purchase_open_radial	2	2
purchase_upgrade	2	2
push_menu	2	2
queue_icon_delayed	2	2
radial_menu_update	2	2
radial_update	2	2
randomize_all_morphs	2	2
randomize_final	2	2
randomize_morph_set	2	2
randomize_one_morph	2	2
rebuild_hair_menu	2	2
refresh	2	2
release_enemies	2	2
remove	2	2
remove_all_images	2	2
remove_clothing	2	2
remove_marker_cb	2	2
remove_on_death_callbacks	2	2
remove_temp_weapons_for_save_saints	2	2
resize_text_element	2	2
restore_items	2	2
restrict_players_sprint	2	2
retrieve_data	2	2
retrieve_data_do	2	2
revert_preset	2	2
roadblock_drive_to_thread	2	2
roof_cb	2	2
saint_died_cb	2	2
saint_untied_cb	2	2
save_saints_perimeter	2	2
score_thread	2	2
second_floor_cb	2	2
select_preset	2	2
select_preset_final	2	2
set_3_way_objective_text	2	2
set_battle_zone_complete_checkpoint	2	2
set_bomb	2	2
set_error	2	2
set_invisible_trigger	2	2
set_list_style	2	2
set_mouse_tracker	2	2
set_objective	2	2
set_outlines	2	2
set_players_zone	2	2
set_post_battle_zone_checkpoint	2	2
set_screen_data	2	2
set_slide_in_values	2	2
set_stag_synd_notoriety	2	2
set_store	2	2
set_tod	2	2
set_vehicle_logo	2	2
set_voice	2	2
set_waypoint_target	2	2
setup_chemical_truck	2	2
setup_container	2	2
setup_containers_for_checkpoint	2	2
setup_hostage	2	2
setup_kill_kia	2	2
setup_kill_killbane	2	2
setup_killbane_chase_sequence	2	2
setup_oleg_and_pierce	2	2
setup_player_courtesy_vehicle	2	2
setup_save_the_saints	2	2
setup_start	2	2
setup_statue_courtesy_boats	2	2
setup_trigger	2	2
show_map	2	2
show_remaining_battle_zones	2	2
show_respect	2	2
skin_color_add	2	2
skin_color_delayed_set	2	2
skin_color_grid_nav	2	2
skin_color_selected	2	2
skin_grid_show	2	2
skin_swatch_loaded	2	2
skip	2	2
sniper_set_hints	2	2
spawn_and_move_roadblock	2	2
spawn_battle_zone	2	2
spawn_brute	2	2
spawn_first_roadblock_cb	2	2
spawn_fourth_roadblock_cb	2	2
spawn_second_roadblock_cb	2	2
spawn_third_roadblock_cb	2	2
spawn_watcher_thread	2	2
stack_add	2	2
stack_add_id	2	2
stack_add_index	2	2
stack_add_menu	2	2
stack_clear	2	2
stack_clear_id	2	2
stack_clear_index	2	2
stack_clear_menu	2	2
stack_get_id	2	2
stack_get_menu	2	2
stack_remove	2	2
stack_remove_id	2	2
stack_remove_index	2	2
stack_remove_menu	2	2
stag_attack_cb	2	2
start_cash	2	2
start_control	2	2
start_convos_thread	2	2
start_respect	2	2
start_streaming	2	2
stats_update	2	2
statue_times_up_cb	2	2
stop_all_continuous_spawns	2	2
stop_continuous_spawn_table	2	2
style_add	2	2
style_nav	2	2
switch_panda	2	2
switch_to_wardrobe	2	2
take_or_destroy_chem_truck	2	2
teleport_crew	2	2
teleport_team_to	2	2
text_color_change	2	2
thread_do_play_stumble_animation	2	2
thread_generate_clouds	2	2
thread_neareast_battlezone_gps	2	2
thread_notoriety_failsafe	2	2
thread_play_dialog	2	2
thread_process_battle_zone_followers	2	2
thread_process_battle_zone_saint_reinforcements	2	2
thread_process_dialog	2	2
thread_process_drive_convo	2	2
thread_wrapper	2	2
thrown_ammo_find_by_id	2	2
traffic_off	2	2
traffic_on	2	2
transition	2	2
transition_pop	2	2
transition_push	2	2
uncover_weapon	2	2
unlock_radial	2	2
unwrap	2	2
update_container_markers	2	2
update_key_test	2	2
update_list_width	2	2
update_scheme	2	2
upgrade_add_items	2	2
upgrade_populate_weapon_stats	2	2
upgrade_purchase	2	2
upgrade_revert	2	2
upgrade_show	2	2
viola_zombie_death_cb	2	2
voice_menu_fill	2	2
vtol_set_hints	2	2
wait_for_foley_safe	2	2
wardrobe_outfit_menu_fill	2	2
weapon_fade_in	2	2
weapon_fade_out	2	2
weapon_hide	2	2
weapon_show	2	2
wear_option_add	2	2
wear_option_nav	2	2
wipe_old_values	2	2
world_cash_remove	2	2
world_cash_update	2	2
zimos_abandoned_cb	2	2
zone_exited_cb	2	2
zone_triggered_cb	2	2
02out_16	1	1
05in_7	1	1
05in_8	1	1
05out_13	1	1
09in_5	1	1
09in_6	1	1
09out_11	1	1
11out_7	1	1
11out_8	1	1
12	1	1
14in_4	1	1
14in_9	1	1
16in_hide	1	1
16in_play	1	1
16in_show	1	1
19	1	1
2	1	1
23out_12	1	1
23out_15	1	1
23out_5	1	1
23out_6	1	1
3	1	1
4	1	1
7	1	1
7in_hide	1	1
7in_show	1	1
8	1	1
Phillipe_callback	1	1
UI_error_complete	1	1
UI_text_complete	1	1
abandon_heli_thread	1	1
ach_veh_destroyed_cb	1	1
activate_continuous_spawns	1	1
activate_dialog_trigger	1	1
activate_second_group	1	1
activate_security	1	1
active_screen_set	1	1
actress_abandoned_cb	1	1
actress_died_cb	1	1
add_area	1	1
add_category	1	1
add_chatterers	1	1
add_download_character	1	1
add_icons_to_active_triggers	1	1
add_palette	1	1
add_queue	1	1
add_reward	1	1
add_shaundi	1	1
add_slot	1	1
add_station	1	1
adjust_layout	1	1
advance_cb	1	1
advance_on_player	1	1
ai_move_to	1	1
ai_move_to_thd	1	1
air_base	1	1
air_base_convos_thread	1	1
airport_attack_player_in_n_seconds	1	1
airport_land_thread	1	1
airport_lift_thread	1	1
airport_lw_behavior	1	1
airport_spawn_callback	1	1
alarm_lights	1	1
alien_aircraft_destroyed	1	1
alien_ambush_cleanup	1	1
alien_ambush_initialize	1	1
alien_ambush_process	1	1
alien_ambush_process_alien_fire	1	1
alien_ambush_process_explosions	1	1
alien_ambush_triggered_cb	1	1
alien_finale_cleanup	1	1
alien_finale_process	1	1
alien_spaceship_destroyed_cb	1	1
all_buttons_mouse_off	1	1
all_hos_leash_to	1	1
all_lights_off	1	1
allow_weapons	1	1
amazon_damaged_cb	1	1
ambush_activate_triggered_cb	1	1
ambush_create_triggered_cb	1	1
angel_attack_line_cb	1	1
angel_defeat_luchadores	1	1
angel_died_1	1	1
angel_died_2	1	1
angel_flee_thread	1	1
angel_heli_collided_cb	1	1
angel_heli_destroyed_cb	1	1
angel_max_action_delay	1	1
angel_mid_checkpoint_cutscene	1	1
angel_move	1	1
angel_part_one_find_angel	1	1
angel_part_two_casino_defense	1	1
angel_setup_casino_exterior	1	1
angel_watcher	1	1
anim_can_skip_cb	1	1
anim_complete_cb	1	1
anim_force_end	1	1
anim_in_done	1	1
animate_in	1	1
animate_out	1	1
antitank_spawn_cb	1	1
antivirus_process	1	1
antivirus_sequence	1	1
aquire_helicopter	1	1
area_on_enter	1	1
armory_cont_exp_entered_cb	1	1
armory_cont_exp_exited_cb	1	1
armory_enter_cb	1	1
armory_entrance_trigger_cb	1	1
armory_island_entered_take1_cb	1	1
armory_island_entered_take2_cb	1	1
armory_island_exited_cb	1	1
armory_parking_triggered_cb	1	1
armory_take1_initialize	1	1
armory_take1_initialize_common	1	1
armory_take1_wrap	1	1
armory_take1_wrap_cleanup	1	1
assault_drive_01_cb	1	1
assault_drive_02_cb	1	1
assault_drive_03_cb	1	1
attach_emoticon	1	1
attack_heli_building_battle_thread	1	1
attack_heli_damaged_cb	1	1
attack_heli_destroyed_cb	1	1
attack_heli_gunner_thread	1	1
attack_heli_process_thread	1	1
attack_list_add	1	1
attack_list_cleanup	1	1
attack_list_process_thread	1	1
attack_list_start	1	1
attack_shaundi_cb	1	1
attack_trigger	1	1
attack_vtol_fly_to	1	1
attacker_killed_cb	1	1
audio_event_at_dist	1	1
audio_slam	1	1
audio_trigger_cb	1	1
auto_save_hide	1	1
auto_save_init	1	1
auto_save_move	1	1
auto_save_show	1	1
autograph_death_cb	1	1
av_dialog_fill_data	1	1
awesome_daedalus_convo_cb	1	1
back_out_anim	1	1
back_out_anim_complete	1	1
background_hide_vehicle	1	1
backroom_cb	1	1
backstage_01_roof	1	1
ball_brute_damage_cb	1	1
ball_drop_callback	1	1
ball_setup	1	1
ball_stop1	1	1
ball_stop2	1	1
ball_stop_brute	1	1
banner_damaged	1	1
banner_destroyed	1	1
barge_enemies01	1	1
barge_enemies02	1	1
barricade_destroyed	1	1
barricade_triggered	1	1
base_despawn_callback	1	1
base_entered_callback	1	1
base_left_callback	1	1
base_spawn_callback	1	1
battle_thread	1	1
bdsm_action_nodes_setup	1	1
bdsm_detect_cb	1	1
bdsm_interrogate_cb	1	1
bdsm_owner_interrogate_cb	1	1
beach_party_polling_thread	1	1
begin_ambient_explosion_audio	1	1
begin_stealth_section	1	1
bg_slide_out	1	1
blackout_chatter_thread	1	1
blink_left	1	1
blink_right	1	1
block_garage_ramp_cb	1	1
block_input	1	1
blow_up_dudes_thread	1	1
blow_up_helis_cb	1	1
blow_up_vtols_on_proximity	1	1
bmp_loaded	1	1
board_ship	1	1
board_ship_cleanup	1	1
board_ship_cutscene	1	1
boat_destroyed_cb	1	1
boat_flipped_watchdog_thread	1	1
boat_on_land_watchdog_thread	1	1
boat_reached_cb	1	1
boat_validation_thread	1	1
bomb_cb	1	1
bomb_convo_thread	1	1
bomb_destroyed_cb	1	1
bomb_planted_or_flown_to_cb	1	1
boss_battle_self_destruct_timer_start	1	1
both_disable_machine	1	1
box_confirmation	1	1
box_destroyed	1	1
box_destructive_confirmation	1	1
box_do_nothing	1	1
box_message	1	1
box_message_critical	1	1
box_morph_done	1	1
box_open	1	1
box_set_tag	1	1
break_chains	1	1
break_horsie	1	1
bridge_sequence	1	1
brig_activated	1	1
brig_entry_activated	1	1
brig_esc_flash	1	1
broadcast_van_destroyed_cb	1	1
brute_attack	1	1
brute_cb	1	1
brute_cleanup	1	1
brute_finale	1	1
brute_flamer_cb	1	1
brute_kill_done	1	1
brute_moment	1	1
brute_must_kill	1	1
brute_net_cb	1	1
brutina	1	1
build	1	1
build_areas	1	1
build_current_menu	1	1
build_menu	1	1
build_rim_menu	1	1
build_tire_menu	1	1
build_top_menu	1	1
building_crash	1	1
button_align_left	1	1
button_align_right	1	1
button_back	1	1
button_create	1	1
button_label_get_width	1	1
buy_clothes	1	1
call_complete_cb	1	1
call_out_helis_cb	1	1
call_the_helis	1	1
callack_enable	1	1
callback_daedalus_gun_destroyed_cb	1	1
callback_daedalus_tank_destroyed_cb	1	1
callout_1_cb	1	1
callout_2_cb	1	1
callout_3_cb	1	1
callout_4_cb	1	1
camera_man_died_cb	1	1
camera_shake_anim_cb	1	1
campaign	1	1
cancel_ready	1	1
car_bomb_destroyed	1	1
car_bomb_detonate	1	1
car_bomb_start_chain_reaction	1	1
car_bombs_check_for_detonation	1	1
car_convo_thread	1	1
cargo_plane_damaged_cb	1	1
category_populate	1	1
category_select_confirm	1	1
cathedral_walk_wall_fade	1	1
cb_antivirus_reached	1	1
cb_av	1	1
cb_av_background	1	1
cb_av_hide	1	1
cb_av_people	1	1
cb_av_player	1	1
cb_av_sound_fx	1	1
cb_av_time_of_day	1	1
cb_av_vehicles	1	1
cb_av_voice	1	1
cb_av_weather	1	1
cb_blend_cam_position	1	1
cb_blend_cam_tilt	1	1
cb_blend_dof_distance	1	1
cb_blend_dof_focal_range	1	1
cb_blend_fov	1	1
cb_blend_handycam	1	1
cb_boss_battle_self_destruct_time_expired	1	1
cb_cabin_door_region_entered	1	1
cb_cabin_door_region_exited	1	1
cb_cancel	1	1
cb_cargo_door_region_entered	1	1
cb_cargo_door_region_exited	1	1
cb_cz_copy_current	1	1
cb_cz_copy_next	1	1
cb_cz_delete	1	1
cb_cz_edit_properties	1	1
cb_cz_hide	1	1
cb_damaged_cabin_door	1	1
cb_damaged_cockpit_door	1	1
cb_debris_vehicle_damaged	1	1
cb_debris_vehicle_destroyed	1	1
cb_debris_vehicle_recycled	1	1
cb_exit	1	1
cb_export	1	1
cb_failure_shaundi_died	1	1
cb_firewall_area_reached	1	1
cb_firewall_reached	1	1
cb_fleeing_check	1	1
cb_gooing_people	1	1
cb_gun_crate_empty	1	1
cb_gun_crate_give_sonic_gun	1	1
cb_gun_grapple_triggered	1	1
cb_hide_hud	1	1
cb_internet_security_reached	1	1
cb_local_final_grapple_finished	1	1
cb_local_gun_grapple_finished	1	1
cb_local_player_exited_tank	1	1
cb_opt_advanced	1	1
cb_opt_hide	1	1
cb_opt_movement_sens	1	1
cb_opt_rotation_sens	1	1
cb_options	1	1
cb_pause	1	1
cb_plane_goon_damaged	1	1
cb_plane_goon_detected_player	1	1
cb_play	1	1
cb_play_fast	1	1
cb_play_slow	1	1
cb_player_escaped	1	1
cb_player_leaving_ring_side	1	1
cb_player_unescaped	1	1
cb_powder_tag_take_damage	1	1
cb_prop_camera_tilt	1	1
cb_prop_choose_target	1	1
cb_prop_depth_of_field	1	1
cb_prop_dof_distance	1	1
cb_prop_dof_focal_range	1	1
cb_prop_export_lock	1	1
cb_prop_field_of_view	1	1
cb_prop_follow_mode	1	1
cb_prop_handycam	1	1
cb_prop_hide	1	1
cb_prop_pos_camera	1	1
cb_prop_slow_mo	1	1
cb_prop_target	1	1
cb_prop_zone_type	1	1
cb_rabid_fan_damage	1	1
cb_remote_final_grapple_finished	1	1
cb_remote_gun_grapple_finished	1	1
cb_remote_player_exited_tank	1	1
cb_rewind	1	1
cb_save	1	1
cb_show_hud	1	1
cb_show_keys	1	1
cb_sky_goon_killed	1	1
cb_skydiving_vehicle_damaged	1	1
cb_skydiving_vehicle_destroyed_common	1	1
cb_spawn_firewall_group	1	1
cb_spawn_surprise_group	1	1
cb_tag_partner_inside_ring	1	1
cb_tag_partner_outside_ring	1	1
cb_tank_region_entered	1	1
cb_toggle_hud	1	1
cb_trigger_car_alarm	1	1
cb_triggered_cabin_door	1	1
cb_triggered_falling_tank_region	1	1
cb_triggered_final_dive_01	1	1
cb_triggered_grab_parachute	1	1
cb_triggered_turbulance_01	1	1
cb_triggered_turbulance_02	1	1
cd_triggered_start_secondary_debris	1	1
cell_call_ended	1	1
chainsaw_luchador_killed_cb	1	1
chal_complete	1	1
chal_data_item_update	1	1
chal_show	1	1
chal_update	1	1
change_option	1	1
change_weapons_tutorial	1	1
character_add	1	1
character_back	1	1
character_nav	1	1
character_populate	1	1
character_revert	1	1
character_stumble	1	1
character_stumble_thread	1	1
character_update	1	1
chase	1	1
chase_distance	1	1
chase_heli	1	1
chase_pathfind_to_thread	1	1
chase_thread	1	1
chase_truck	1	1
chatter_lines_playing	1	1
cheat_activated	1	1
cheat_unlocked	1	1
check_all_players_bailed_from_tank	1	1
check_base_destroyed	1	1
check_coop	1	1
check_enemies_thread	1	1
check_for_heli_kill_achievement_cb	1	1
check_for_remaining_thugs	1	1
check_ho_wait_thread	1	1
check_homies_thread	1	1
check_ms_wait_thread	1	1
check_player_distance_to_door	1	1
check_player_funds_for_upgrade	1	1
check_player_thread	1	1
check_trigger	1	1
check_weapon_thread	1	1
checkpoint_spawn_kinzie	1	1
checkpoint_teleport	1	1
choice_destroy_cb	1	1
choice_disarm_cb	1	1
circular_path_reached_cb	1	1
clapboard_cb	1	1
clapboard_setup	1	1
clean	1	1
clean_house	1	1
clean_up_notoriety_stuff_for_driving_to_armory	1	1
cleanup_active_rail_spawn_group	1	1
cleanup_advanced_melee_tutorial	1	1
cleanup_all_boat_wave_attackers	1	1
cleanup_all_chase_triggers	1	1
cleanup_all_continuous_spawns	1	1
cleanup_all_heli_attackers	1	1
cleanup_all_helis	1	1
cleanup_all_spawn_groups	1	1
cleanup_all_transport_heli_wave_attackers	1	1
cleanup_all_waves	1	1
cleanup_aquire_heli	1	1
cleanup_armory_take2_wrap	1	1
cleanup_army_callbacks	1	1
cleanup_attack_chopper	1	1
cleanup_attacker_common	1	1
cleanup_audio	1	1
cleanup_audio_threads	1	1
cleanup_balcony_battle	1	1
cleanup_balcony_homies	1	1
cleanup_ball_drop_checkpoint_groups	1	1
cleanup_banner_scene	1	1
cleanup_basic_melee_tutorial	1	1
cleanup_boat_attacker	1	1
cleanup_bomb_trigger	1	1
cleanup_car_bombs	1	1
cleanup_cargo_plane_ejection_scene	1	1
cleanup_cargo_plane_interior	1	1
cleanup_cargo_plane_open_cockpit	1	1
cleanup_cargo_ship	1	1
cleanup_catch_shaundi_again	1	1
cleanup_catch_shaundi_first_time	1	1
cleanup_chase	1	1
cleanup_chase_trigger	1	1
cleanup_convo_thread	1	1
cleanup_cop_wave_groups	1	1
cleanup_cubical_battle	1	1
cleanup_cyrus_death_scene	1	1
cleanup_cyrus_fly_by	1	1
cleanup_daedalus_destroy_guns	1	1
cleanup_daedalus_destroy_tanks	1	1
cleanup_defend_angel	1	1
cleanup_defend_the_ring	1	1
cleanup_distance_check_triggers	1	1
cleanup_dive_to_shaundi	1	1
cleanup_docks	1	1
cleanup_effects	1	1
cleanup_enemies_chkpnt01	1	1
cleanup_enemies_chkpnt02	1	1
cleanup_enemies_chkpnt03	1	1
cleanup_enemies_chkpnt04	1	1
cleanup_enemies_chkpnt05	1	1
cleanup_enemy_set	1	1
cleanup_enter_the_ring	1	1
cleanup_escape_club_aftermath	1	1
cleanup_escape_from_daedalus	1	1
cleanup_escape_garage	1	1
cleanup_escape_lobby	1	1
cleanup_escape_to_saints_hq	1	1
cleanup_extra_npcs	1	1
cleanup_factory	1	1
cleanup_fake_laser_reticle	1	1
cleanup_fight_club_phase_npcs	1	1
cleanup_final_checkpoint_groups	1	1
cleanup_final_dive	1	1
cleanup_final_dive_qte	1	1
cleanup_first_checkpoint	1	1
cleanup_first_checkpoint_crew	1	1
cleanup_first_checkpoint_groups	1	1
cleanup_fly_through_plane_scene	1	1
cleanup_fourth_checkpoint	1	1
cleanup_free_falling_initial_dive	1	1
cleanup_garage	1	1
cleanup_get_to_daedalus	1	1
cleanup_get_to_saints_hq	1	1
cleanup_get_to_the_front_door	1	1
cleanup_go_to_cargo_hold	1	1
cleanup_goto_angel	1	1
cleanup_grab_josh	1	1
cleanup_grab_parachute	1	1
cleanup_guy_with_gun	1	1
cleanup_heli	1	1
cleanup_heli_attacker	1	1
cleanup_heli_rail	1	1
cleanup_help_oleg	1	1
cleanup_hijack_vtol	1	1
cleanup_hos	1	1
cleanup_inside_pr_center	1	1
cleanup_josh	1	1
cleanup_kill_cyrus	1	1
cleanup_kill_guards_at_bridge	1	1
cleanup_kill_guards_at_ex	1	1
cleanup_kill_guards_at_planet_saints	1	1
cleanup_kill_sky_goons_01	1	1
cleanup_kill_sky_goons_02_03	1	1
cleanup_kill_sky_goons_05	1	1
cleanup_kinzie	1	1
cleanup_land_on_the_daedalus	1	1
cleanup_landing_deck_cont_spawn	1	1
cleanup_load_josh_into_car	1	1
cleanup_lobby_cutscene	1	1
cleanup_mstar_attacker	1	1
cleanup_notoriety	1	1
cleanup_npcs	1	1
cleanup_oleg	1	1
cleanup_oleg_gets_downed	1	1
cleanup_oleg_jump_on_vtol	1	1
cleanup_oleg_vtol_panic	1	1
cleanup_outside_garage	1	1
cleanup_outside_pr_center	1	1
cleanup_penthouse	1	1
cleanup_plant_bombs	1	1
cleanup_player_and_victim_for_interrogation	1	1
cleanup_player_carrying_josh	1	1
cleanup_player_drugged	1	1
cleanup_powder	1	1
cleanup_rail_ambush	1	1
cleanup_rail_group_trigger	1	1
cleanup_ram_player_with_plane	1	1
cleanup_roof	1	1
cleanup_rooftop_attack_vtols	1	1
cleanup_rooftop_escape	1	1
cleanup_rooftop_intro	1	1
cleanup_save_pierce_wave	1	1
cleanup_second_checkpoint	1	1
cleanup_second_checkpoint_crew	1	1
cleanup_second_checkpoint_groups	1	1
cleanup_spawn_group	1	1
cleanup_spawn_groups	1	1
cleanup_spawn_regions	1	1
cleanup_stag_transport	1	1
cleanup_stage_markers	1	1
cleanup_start_lobby	1	1
cleanup_start_world	1	1
cleanup_steal_humvee	1	1
cleanup_stealth_section	1	1
cleanup_stop	1	1
cleanup_suko	1	1
cleanup_swat_crew	1	1
cleanup_tank_free_fall	1	1
cleanup_terminal_groups	1	1
cleanup_third_checkpoint	1	1
cleanup_top_floor	1	1
cleanup_transmitter_groups	1	1
cleanup_transmitter_sequence	1	1
cleanup_transport_heli_attacker	1	1
cleanup_viola	1	1
cleanup_vtol_transports_01	1	1
cleanup_warehouse_guards	1	1
clear_all_crate_triggers	1	1
clear_all_crates	1	1
clear_all_crew	1	1
clear_all_triggers	1	1
clear_boat_guards	1	1
clear_breadcrumb	1	1
clear_callbacks	1	1
clear_clutter	1	1
clear_crate_trigger	1	1
clear_elevator	1	1
clear_header	1	1
clear_heli_warning_objective	1	1
clear_hud_states	1	1
clear_invisible_trigger	1	1
clear_penthouse	1	1
clear_player_loadout	1	1
clear_rand_lines	1	1
clear_rim_selections	1	1
clear_see_saints	1	1
clear_trigger_table	1	1
clear_tutorial	1	1
clip_info_update	1	1
close_all_crate_doors	1	1
close_dialog	1	1
close_roadblock	1	1
closest_distract_point	1	1
clothes_purchase_cb	1	1
club_drop_off_cont_spawn_thread	1	1
collapse_and_lose_powers	1	1
collectibles	1	1
collection01_cb	1	1
collection02_cb	1	1
collection03_cb	1	1
color_call_finished_cb	1	1
color_grid_draw	1	1
community	1	1
complete_cb	1	1
component_confirm	1	1
component_confirm2	1	1
component_confirm_final	1	1
confirm_nav	1	1
cont_spawn	1	1
contact_image_get	1	1
continue	1	1
continuous_spawns_start	1	1
control_anim	1	1
control_notoriety	1	1
controls_lock	1	1
controls_unlock	1	1
conversation_playing	1	1
convo_cleanup	1	1
convo_cleanup_item	1	1
convo_in_garage	1	1
convo_in_lobby	1	1
convo_player_used_cannon_on_truck	1	1
convo_pr_center	1	1
convo_to_pr_center	1	1
convo_trigger_cb	1	1
convo_truck_found	1	1
convoy_cleanup_thread	1	1
coop	1	1
coop_dlc_checked	1	1
coop_follow_obj_start	1	1
coop_follow_obj_stop	1	1
coop_follow_obj_thread	1	1
coop_free_pierce	1	1
coop_input	1	1
coop_options	1	1
coop_quit_dialog	1	1
corner_qte_complete_cb	1	1
corner_qte_intermediary_cb	1	1
countdown_game_start	1	1
countdown_update	1	1
courtest_vehicle_destroyed_cb	1	1
courtesy_heli_destroyed_cb	1	1
cover_broken	1	1
crate_door_open	1	1
crate_door_open_local_cb	1	1
crate_door_open_remote_cb	1	1
create_backroom_guards	1	1
create_clutter	1	1
create_groups	1	1
create_landing_deck_vtols	1	1
create_lobby	1	1
create_post_cutscene_attack	1	1
create_stag_encounter_thread	1	1
cspawn_group_created	1	1
cspawn_group_released	1	1
cth_target_behavior	1	1
cursor_move	1	1
cursor_update	1	1
cutscene_approach_stash	1	1
cutscene_heli_attack	1	1
cutscene_killbane	1	1
cutscene_pierce_entrance	1	1
cyberdecker_died_cb	1	1
cyrus_boss_ai_chase_thread	1	1
cyrus_boss_ai_reinforcement_thread	1	1
cyrus_boss_ai_strafe_thread	1	1
cyrus_boss_ai_sweep_thread	1	1
cyrus_boss_fire_at_player_thread	1	1
cyrus_boss_sweep_fire_at_player_thread	1	1
cyrus_destroy_player_helis_thread	1	1
cyrus_enter_vtol	1	1
cyrus_fly_by	1	1
cyrus_health_15	1	1
cyrus_health_25	1	1
cyrus_health_50	1	1
cyrus_health_75	1	1
cyrus_pathfind	1	1
cyrus_transport_drop_off_thread	1	1
cyrus_vtol_destroyed_cb	1	1
daedalus_airspace_entered_cb	1	1
daedalus_cannon_firing_thread	1	1
daedalus_destroy_guns	1	1
daedalus_destroy_tanks	1	1
daedalus_gun_subthread	1	1
daedalus_guns_thread	1	1
daedalus_landing_player_exited_vehicle	1	1
daedalus_landing_zone_entered_cb	1	1
data_item_update	1	1
dead_enemy	1	1
death_trigger	1	1
debug_hide_toggle	1	1
debug_killbane_damage_thread	1	1
decision_heli_thread	1	1
defend_area	1	1
defend_area_cleanup	1	1
defend_girls	1	1
defend_police_killed	1	1
delay_or_dead	1	1
delay_tank_start_animation_thread	1	1
delayed_display_character	1	1
deploy_troops_thread	1	1
destroy_banner	1	1
destroy_heli_cb	1	1
destroy_passenger_group	1	1
destroy_reactor	1	1
destroy_stag_encounter_thread	1	1
destroy_vehicle_on_collision_cb	1	1
destroy_wave_group	1	1
determine_checkpoint	1	1
detonate_bomb_scene	1	1
dialog_add_ease_buttons	1	1
dialog_add_heading	1	1
dialog_camera_zone_slide	1	1
dialog_hide	1	1
dialog_hide_all	1	1
dialog_init	1	1
dialog_move	1	1
dialog_move_ease_buttons	1	1
dialog_placeholder_timer	1	1
dialog_quick_set_and_resize	1	1
dialog_resize_and_move	1	1
dialog_set_min_width	1	1
dialog_show	1	1
dialog_slide	1	1
disable_active_crates	1	1
disable_ambient_spawning	1	1
disable_front_spawns_cb	1	1
disable_mission_ambient_emitters	1	1
disable_mouse_input	1	1
disable_notoriety	1	1
disable_notoriety_for_drive_to_armory_thread	1	1
disable_notoriety_stuff_for_drive_to_armory	1	1
disable_traffic	1	1
disable_trigger	1	1
disconnect	1	1
dispense_enemies	1	1
display	1	1
display_heli_warning_objective	1	1
distance_clutter_hide	1	1
distance_clutter_show	1	1
distract_stag	1	1
distractor_hit	1	1
district_overlay_update	1	1
dive_bomb_vtol_destroyed_cb	1	1
dive_bomber_damaged_cb	1	1
dlc	1	1
dlc_check_lan	1	1
dlc_check_live	1	1
dlc_dialog	1	1
do	1	1
do_ambient_spawns	1	1
do_attack_heli_wave_thread	1	1
do_blackout_and_zone_swap	1	1
do_boat_wave_thread	1	1
do_boss_battle_self_destruct	1	1
do_landing_deck_saints_reinforcements_thread	1	1
do_player_rail	1	1
do_qte	1	1
do_rail	1	1
do_scripted_move	1	1
do_south_platform_breadcrumb_thread	1	1
do_tag_run	1	1
do_tank_pathing_thread	1	1
do_transport	1	1
do_transport_heli_wave_thread	1	1
do_vehicle_exit_at_dest_thread	1	1
do_vehicle_stop_at_dest_thread	1	1
dock_brute_killed_cb	1	1
dock_goon_dead_cb	1	1
dock_goons	1	1
dock_thugs01_cb	1	1
dock_thugs02_cb	1	1
dock_trigger_cb	1	1
dont_allow_weapons	1	1
door_blown_cutscene	1	1
door_enter	1	1
door_exit	1	1
door_explosion_cb	1	1
door_opened	1	1
door_to_cargo_bay_opened_cb	1	1
download_list_cancel	1	1
download_list_complete	1	1
download_list_nav	1	1
download_list_select	1	1
download_list_select_final	1	1
download_retrieve	1	1
drag_release	1	1
drive_path_and_get_out	1	1
drive_path_and_get_out_thread	1	1
drive_path_and_stop	1	1
drive_path_and_stop_thread	1	1
driver_killed_cb	1	1
drug_effect_thread	1	1
dt_trigger_cb	1	1
elevator_callback	1	1
elevator_enter_cback	1	1
elevator_exit_cback	1	1
elevator_guards_thread	1	1
elevator_proximity_check	1	1
elevator_spawn_thread	1	1
elevator_to_top_floor_cb	1	1
emergency_ragdoll_save	1	1
enable_active_crates	1	1
enable_continuous_spawn_regions	1	1
enable_control	1	1
enable_coop_tag_triggers	1	1
enable_notoriety	1	1
enable_notoriety_spawning	1	1
enable_notoriety_stuff_after_drive_to_armory	1	1
enable_traps	1	1
encoder_info_di	1	1
end_ambient_explosion_audio	1	1
end_cookie_trail	1	1
end_cspawning	1	1
enemey_set_leash	1	1
enemies_join_fight	1	1
enemies_kill_done	1	1
enemies_leave_fight	1	1
enemies_must_kill	1	1
enemy_attack_cb	1	1
enemy_attacked_cb	1	1
enemy_join_fight	1	1
enemy_kill_done	1	1
enemy_leave_fight	1	1
enemy_must_kill	1	1
enemy_set_flag	1	1
enemy_set_run_to_nav	1	1
engine_death_cb	1	1
enter_armory_island_cb	1	1
enter_bomb_truck	1	1
enter_category_menu	1	1
enter_factory_cb	1	1
enter_guards_thread	1	1
enter_heli_cb	1	1
enter_stealth_section	1	1
enter_submenu	1	1
enter_vehicle	1	1
enter_warehouse_convo_thread	1	1
entered_courtesy_vehicle_cb	1	1
entered_daedalus_gunfire	1	1
entered_escape_vtol	1	1
entered_fp_area_trigger	1	1
equip_pistol	1	1
error_screen_process	1	1
escape	1	1
escape_cleanup	1	1
escape_event_1	1	1
escape_event_2	1	1
escape_event_3	1	1
escape_explosions	1	1
escape_from_daedalus	1	1
escape_in_saucer	1	1
escape_npc_spawn_thread	1	1
escape_start_cleanup	1	1
escape_start_initialize	1	1
escape_start_process	1	1
escape_talk	1	1
escape_the_virus	1	1
escape_vehicle_entered	1	1
execute_the_virus	1	1
exit_begin_bg_clear	1	1
exit_final_to_game	1	1
exit_final_to_menu	1	1
exit_remove	1	1
exit_stealth_section	1	1
exit_to_menu	1	1
exit_to_sub	1	1
exited_daedalus_gunfire	1	1
export_final	1	1
exporting_init	1	1
exporting_set_locked	1	1
exporting_set_visibility	1	1
extras	1	1
factory_breadcrumb1_cb	1	1
factory_breadcrumb2_cb	1	1
factory_breadcrumb3_cb	1	1
factory_brute	1	1
factory_convos_thread	1	1
factory_setup	1	1
factory_wave2	1	1
factory_wave3	1	1
factory_wave4	1	1
fade_in	1	1
fade_in_header	1	1
fade_out_header	1	1
fade_process	1	1
fade_walla_thread	1	1
fail_dismissed_cb	1	1
fail_fp	1	1
fail_pierce_died	1	1
fail_shaundi_died	1	1
fail_ship_abandoned_cb	1	1
fail_suspicion	1	1
fail_timer_expired	1	1
fail_viola_died	1	1
failed_to_protect	1	1
failure_abandon_shaundi	1	1
failure_angel_abandoned	1	1
failure_angel_died	1	1
failure_car_destroyed_cb	1	1
failure_car_died	1	1
failure_died_cb	1	1
failure_gat_died	1	1
failure_heli_destroyed_cb	1	1
failure_josh_died	1	1
failure_leave_cb	1	1
failure_oleg_died_cb	1	1
failure_shaundi_died_cb	1	1
failure_validation_thread	1	1
failure_zimos_died_cb	1	1
fake_vtol_01_cb	1	1
fake_vtol_02_cb	1	1
fake_vtol_03_cb	1	1
fight_killbane	1	1
fight_tag	1	1
fight_through_factory	1	1
fight_through_top_floor	1	1
fighter_attack_run_thread	1	1
fighter_shoot_vault	1	1
fill_wheel_menu	1	1
film_grain_load	1	1
film_grain_unload	1	1
filter_lock	1	1
filter_nav	1	1
filters_populate	1	1
final_cb	1	1
final_decision	1	1
final_link	1	1
final_plane_destroyed	1	1
final_qte_fade_cb	1	1
final_trigger	1	1
finale_initialize	1	1
finale_scene	1	1
find_closest_car_bomb	1	1
find_closest_killbane_enter_ring_nav	1	1
find_fire_handle	1	1
find_girls	1	1
find_nearest_guy_and_play_line	1	1
find_prep_trigger	1	1
find_rail_ambush_by_trigger	1	1
fine_aim_glass_thread	1	1
fine_aim_guards	1	1
fineaim_tutorial	1	1
finish_phonecall	1	1
finish_scroll	1	1
fire_scripted_rpg	1	1
firewall_sequence	1	1
firewall_setup	1	1
first_transmitter	1	1
flag_closest_car_bomb	1	1
flamer_killed_cb	1	1
flip_element	1	1
float_chopper	1	1
float_choppers	1	1
float_heli	1	1
float_helicopter	1	1
fly_direct_thread	1	1
fly_home_enemy_setup_thread	1	1
fly_path_guard_thread	1	1
fly_path_set_thread	1	1
fly_path_target_thread	1	1
fly_rail_path	1	1
fly_to_non_blocking	1	1
flyby_vtol_destroyed_cb	1	1
follow_kia	1	1
follow_kia_cleanup	1	1
follow_kia_conversation	1	1
follow_kia_update	1	1
force_action_nodes	1	1
force_alien_ship_idle	1	1
force_notoriety	1	1
forced_satellite_end	1	1
forcefield_hide	1	1
free_enemies	1	1
free_fall_character_killed_cb	1	1
free_fall_vehicle_destroyed_cb	1	1
free_friends	1	1
free_friends_cleanup	1	1
free_friends_setup	1	1
freehos01_cb	1	1
freehos02_cb	1	1
front_door_opened_cb	1	1
gamepad_monitor_thread	1	1
gangway_trigger_cb	1	1
garage_cb	1	1
garage_vehicle_select	1	1
gat_chatter_thread	1	1
gat_guard_convo_thread	1	1
general_chatter_thread	1	1
get_away_car_entered_cb	1	1
get_away_car_exited_cb	1	1
get_away_vehicle_destroyed_cb	1	1
get_button_index	1	1
get_chase_distance	1	1
get_closest_player	1	1
get_clutter_groups	1	1
get_daedalus_gunfire_sync_flags	1	1
get_in_courtesy_vehicle_take1_cleanup	1	1
get_in_courtesy_vehicle_take1_process	1	1
get_in_escape_vehicle_cleanup	1	1
get_in_escape_vehicle_process	1	1
get_in_truck	1	1
get_info	1	1
get_into_car	1	1
get_into_truck	1	1
get_num_remaining_targets	1	1
get_on_heli	1	1
get_out_of_vehicles	1	1
get_palette_colors	1	1
get_robbed_line_thread	1	1
get_to_bdsm	1	1
get_to_daedalus	1	1
get_to_heli	1	1
get_to_saints_hq	1	1
get_to_the_barge	1	1
get_to_the_choppa	1	1
girls_follow_zimos_thread	1	1
give_bee_gun	1	1
give_player_super_powers	1	1
give_players_weapons	1	1
go_here_and_do_this	1	1
go_to_armory	1	1
go_to_armory_initialize_common	1	1
go_to_armory_take1_cleanup	1	1
go_to_armory_take1_initialize	1	1
go_to_armory_take1_process	1	1
go_to_armory_take2_cleanup	1	1
go_to_armory_take2_initialize	1	1
go_to_armory_take2_process	1	1
go_to_ball	1	1
go_to_boat	1	1
go_to_bridge	1	1
go_to_clothes_store	1	1
go_to_dock	1	1
go_to_factory	1	1
go_to_first_base	1	1
go_to_flashpoint	1	1
go_to_helipad_take1	1	1
go_to_helipad_take1_cleanup	1	1
go_to_mechanic	1	1
go_to_planet_saints	1	1
go_to_powder	1	1
go_to_property	1	1
go_to_ps_01	1	1
go_to_ps_02	1	1
go_to_saucer	1	1
go_to_shaundis_ex	1	1
go_to_storefront	1	1
go_to_strip_club	1	1
go_to_top_floor	1	1
go_to_vault	1	1
go_to_weapon_store	1	1
golden_ratio	1	1
goto_a_elevator	1	1
goto_a_elevator_cleanup	1	1
goto_a_elevator_setup	1	1
goto_antivirus	1	1
goto_balcony	1	1
goto_cathedral	1	1
goto_ground	1	1
goto_internet_security	1	1
gps_tutorial_thread	1	1
grab_manager_local	1	1
greenscreen_data_post	1	1
group_cower_thread	1	1
group_drop_off_passengers	1	1
group_flee_to	1	1
group_is_dead	1	1
group_leash_to	1	1
group_move_to	1	1
group_no_flee_or_cower	1	1
group_pathfind_to	1	1
group_spawn	1	1
grunt_detection_attack_immediate_cb	1	1
grunt_detection_cat_walk_cb	1	1
grunt_detection_common_cb	1	1
grunt_detection_defend_cb	1	1
grunt_reached_catwalk_cb	1	1
gsi_update	1	1
guard_attacked	1	1
guard_destroyed	1	1
gym_reached_cb	1	1
hack_hud_bar_thread	1	1
hack_terminal	1	1
hallway_cb	1	1
handle_backstage	1	1
handle_josh_dropped_thread	1	1
handle_machine	1	1
handle_random	1	1
harasser_processing_thread	1	1
have_to_get_there_thread	1	1
heli1_behavior	1	1
heli2_behavior	1	1
heli_around_airport_thread	1	1
heli_arrive_scene	1	1
heli_attack_list_cleanup	1	1
heli_attack_list_start	1	1
heli_chatter_cb	1	1
heli_chatter_thread	1	1
heli_convo_thread	1	1
heli_crash_other_building	1	1
heli_create_and_setup	1	1
heli_dead_cb	1	1
heli_enemy_destroyed_cb	1	1
heli_entrance_trigger_cb	1	1
heli_face_target	1	1
heli_flight	1	1
heli_fly	1	1
heli_list_add	1	1
heli_move_to	1	1
heli_pad_exited_cb	1	1
heli_pad_triggered_cb	1	1
heli_rail	1	1
heli_rand_flying_thread	1	1
heli_release_to_ai	1	1
heli_shoot_gun_at_human	1	1
heli_shoot_gun_at_nav	1	1
heli_stop_facing_target	1	1
heli_to_airport_thread	1	1
heli_to_heli_thread	1	1
helipad_reached_cb	1	1
help_convoy	1	1
help_oleg	1	1
helper_cleanup_camera_man	1	1
helper_cleanup_chainsaw_group	1	1
helper_cleanup_debris_vehicle	1	1
helper_cleanup_free_fall_wave	1	1
helper_cleanup_sky_goon_group	1	1
helper_cleanup_skydiving_tank_common	1	1
helper_cleanup_stag_encounter	1	1
helper_clear_club_rooftop	1	1
helper_clear_free_fall_wave_markers	1	1
helper_conversation_playing_or_queued	1	1
helper_create_character_streamers	1	1
helper_create_debris_flow	1	1
helper_create_global_effects	1	1
helper_destroy_global_effects	1	1
helper_disable_trigger	1	1
helper_do_vehicle_group_whooses	1	1
helper_find_commentary_line_variant	1	1
helper_find_debris_vehicle	1	1
helper_find_skydiving_vehicle	1	1
helper_get_free_fall_threat_level	1	1
helper_get_gang_into_vehicle	1	1
helper_give_temp_weapons	1	1
helper_hide_debris	1	1
helper_play_dialog_line	1	1
helper_play_interrupting_commentary_line	1	1
helper_process_phase1_wave	1	1
helper_remove_temp_weapons	1	1
helper_restore_free_fall_wave_markers	1	1
helper_set_kwilanna_invulnerable	1	1
helper_set_player_headlock_anim	1	1
helper_set_sky_goon_group	1	1
helper_setup_camera_man	1	1
helper_setup_cargo_plane_thread	1	1
helper_setup_chainsaw_group	1	1
helper_setup_diver	1	1
helper_setup_free_fall_wave	1	1
helper_setup_killbane_ring_fighting	1	1
helper_setup_rail_explosions	1	1
helper_setup_skydiving_common	1	1
helper_setup_skydiving_tank_common	1	1
helper_setup_stag_encounter	1	1
helper_setup_vtol_flyby_group	1	1
helper_start_film_grain_thread	1	1
helper_stop_dialog_line	1	1
helper_stop_rail_explosions	1	1
helper_surprise_groups_disable	1	1
helper_surprise_groups_setup	1	1
helper_topple_boxes	1	1
helper_turbulance_do_common	1	1
helper_turbulance_wait_for_anims	1	1
hide_c_map	1	1
hide_car_bombs	1	1
hide_custom_bg	1	1
hide_images	1	1
hide_movers	1	1
hide_region	1	1
hide_spinner	1	1
hide_vfx	1	1
highlight_update	1	1
hijack_heli	1	1
hijack_heli_cleanup	1	1
hijack_vtol	1	1
hints_done	1	1
hit_mask_cutscene	1	1
hit_trigger	1	1
ho_attack_cb	1	1
ho_attacked_cb	1	1
ho_heli_crate_trigger_cb	1	1
ho_incarcerate	1	1
ho_join_player	1	1
ho_leash_to	1	1
ho_leave_player	1	1
homie_dbno_cb	1	1
homie_death_thread	1	1
homie_destroy_machine	1	1
homie_died	1	1
homie_disable	1	1
homie_disable_machine	1	1
homie_kills	1	1
homie_move_thread	1	1
homies_prep_thread	1	1
hos_incarcerate	1	1
hos_join_player	1	1
hos_leash_to	1	1
hos_leave_player	1	1
hq_freeze_cb	1	1
hud_prompt_cb	1	1
image_update	1	1
images_cleanup	1	1
images_fade_cb	1	1
images_hide	1	1
images_init	1	1
images_loaded	1	1
images_show	1	1
init_buttons	1	1
init_complete	1	1
init_constants	1	1
init_done	1	1
init_matt_battle	1	1
initial_cont_spawn	1	1
initialize_airport	1	1
initialize_bases	1	1
initialize_cargo_plane	1	1
initialize_cargo_plane_common	1	1
initialize_cargo_plane_escape	1	1
initialize_cargo_plane_interior	1	1
initialize_conversations	1	1
initialize_crash_the_boat	1	1
initialize_crash_the_car	1	1
initialize_crash_the_helicopter	1	1
initialize_defend_the_ring	1	1
initialize_get_the_goods	1	1
initialize_heli	1	1
initialize_helicopter_ride	1	1
initialize_hold_your_ground	1	1
initialize_load_groups	1	1
initialize_mission_start	1	1
initialize_protect_the_stash	1	1
initialize_smiling_jacks	1	1
initialize_smiling_jacks_post	1	1
initialize_start	1	1
initialize_start_common	1	1
initialize_studio	1	1
initialize_swaps	1	1
initialize_tank_free_fall	1	1
initialize_tower1	1	1
initialize_tower2	1	1
initialize_van	1	1
input_b	1	1
input_button_a	1	1
input_button_x	1	1
input_coop_back	1	1
input_faster	1	1
input_lock	1	1
input_map	1	1
input_nav	1	1
input_nothing	1	1
input_ready	1	1
input_slower	1	1
input_stick	1	1
input_tab	1	1
inside_casino_reached_cb	1	1
inside_tower	1	1
insta_kill_character	1	1
interface_event	1	1
internet_security_process	1	1
internet_security_sequence	1	1
interrogate	1	1
interrogate_cleanup	1	1
interrogate_morningstar	1	1
interrogate_morningstar_cleanup	1	1
interrogate_morningstar_on_deaths	1	1
interrogate_owner	1	1
interrogate_owner_taunt_thread	1	1
interrogate_target	1	1
interview_kill	1	1
interview_play	1	1
interview_stairs_reached_cb	1	1
intro	1	1
intro_convos_thread	1	1
intro_sequence	1	1
invite_friend	1	1
invite_populate	1	1
invuln_vtol_enter	1	1
is_fire_playing	1	1
is_heli_pilot	1	1
is_taxi_mode	1	1
item	1	1
item_purchased_cb	1	1
jailcell01_01_cb	1	1
jailcell01_02_cb	1	1
jailcell01_spawn	1	1
jailcell01_spawn_start_thd	1	1
jailcell01_spawn_stop_thd	1	1
jailcell02_01_cb	1	1
jailcell02_02_cb	1	1
jailcell02_spawn	1	1
jailcell02_spawn_start_thd	1	1
jailcell02_spawn_stop_thd	1	1
jailcell03_01_cb	1	1
jailcell03_02_cb	1	1
jailcell03_spawn	1	1
jailcell03_spawn_start_thd	1	1
jailcell03_spawn_stop_thd	1	1
jane_died_cb	1	1
jet_convo_callback	1	1
joined	1	1
josh_is_dumbass_thread	1	1
josh_just_cower_thread	1	1
josh_run_upstairs	1	1
josh_thrown_to_cyrus	1	1
josh_thrown_to_homies	1	1
josh_to_autograph	1	1
josh_to_autograph2	1	1
jump	1	1
jump_take1_cleanup	1	1
jump_take1_process	1	1
jump_take2_cleanup	1	1
jump_take2_initialize	1	1
jump_take2_process	1	1
jumped_off_penthouse	1	1
junction_bomb_cb	1	1
just_opened_girls_crate	1	1
keep_players_in_crash_area_thread	1	1
keys_apply_visibility	1	1
keys_init	1	1
keys_reset_and_resize	1	1
keys_toggle_visibility	1	1
kia_path_thread	1	1
kick	1	1
kill_all_group_members	1	1
kill_all_threads	1	1
kill_cyrus	1	1
kill_dock_guards	1	1
kill_group_member	1	1
kill_guards_at_bridge	1	1
kill_guards_at_ex	1	1
kill_guards_at_planet_saints	1	1
kill_guards_at_ps_01	1	1
kill_guards_at_ps_02	1	1
kill_heli_move_threads	1	1
kill_helis	1	1
kill_killbane_sequence	1	1
kill_list_cleanup	1	1
kill_list_damage_cb	1	1
kill_lobby2_guards	1	1
kill_lobby_guards	1	1
kill_lt	1	1
kill_snipers	1	1
kill_thread	1	1
kill_threads	1	1
kill_trigger_cb	1	1
killbane_back_into_ring_thread	1	1
killbane_beatup_callback	1	1
killbane_damaged	1	1
killbane_dismounted_callback	1	1
killbane_mounted_callback	1	1
killbane_mounter_process_thread	1	1
killbane_on_death	1	1
killbane_on_undowned	1	1
killbane_pacing_thread	1	1
killbane_qte_beatup_finished	1	1
killbane_reinforcement_hit	1	1
killbane_reinforcements_thread	1	1
killbane_revived	1	1
killbane_thug_enemy_killed	1	1
killbane_took_damage_cb	1	1
killbane_unmask_threat	1	1
killswitch_intermediary_cb	1	1
killswitch_qte_complete_cb	1	1
kinzie_abandoned	1	1
kinzie_dead	1	1
kinzie_hack_tower	1	1
kinzie_in_party	1	1
kinzie_nag_thread	1	1
kinzie_untie_cb	1	1
kinzie_watch_signal_start	1	1
kinzie_watch_signal_stop	1	1
kinzie_watch_signal_thread	1	1
kwilanna_died_cb	1	1
kwilanna_dismissed_cb	1	1
kwilanna_downed_cb	1	1
kwilanna_heli_radius_cb	1	1
kwilanna_revived_cb	1	1
land_call_finished_cb	1	1
land_on_the_daedalus	1	1
land_thread	1	1
land_trigger_reached	1	1
landing_area_cb	1	1
last_wrestler_killed_cb	1	1
launch_heli	1	1
lava_death_callback	1	1
lead_the_way_conversation	1	1
leash_stag_outside_garage	1	1
left_fp_area_trigger	1	1
left_studio_cb	1	1
left_tower_trigger	1	1
let_saints_in	1	1
list_right_use_arrow	1	1
load_film_grain	1	1
load_heli_rail_personas	1	1
load_initial_pegs	1	1
load_josh_into_car	1	1
load_persona	1	1
load_status_update	1	1
load_thread	1	1
loadout_sequence	1	1
lobby_spawn_cb	1	1
localized_tag_thread	1	1
lock_crate_doors	1	1
lock_front_doors	1	1
logo_hide	1	1
logo_out_cb	1	1
logo_show	1	1
lookat	1	1
loop_bg_anims	1	1
loop_fire	1	1
lounge_cb	1	1
lounge_spawn	1	1
lounge_spawn_start_thd	1	1
lounge_spawn_stop_thd	1	1
lower_notoriety	1	1
lower_rope	1	1
lt_died	1	1
luchador_stomper_detect_player_cb	1	1
luchadores_arriving_1_thread	1	1
luchadores_arriving_2_thread	1	1
luchadores_arriving_3_thread	1	1
machine_exploding_countdown	1	1
machinima	1	1
magma_crystal_destroyed_cb	1	1
main	1	1
main_activate_mouse	1	1
main_animate_scroll	1	1
main_back	1	1
main_highlight_item	1	1
main_mouse_click	1	1
main_mouse_drag	1	1
main_mouse_drag_release	1	1
main_mouse_move	1	1
main_nav	1	1
main_open_stage_1	1	1
main_open_stage_2	1	1
main_pc_scroll	1	1
main_select	1	1
main_show_items	1	1
make_jane_cower	1	1
make_npc_idle	1	1
make_npc_mission_critical	1	1
manage_cookie_trail	1	1
manage_defense	1	1
manage_distractor_thread	1	1
manage_killbane_angel_damage_thread	1	1
manage_killbane_angel_fight_thread	1	1
manage_snipers_thread	1	1
manager_interrogation_cb	1	1
map_restored	1	1
mark_enemies	1	1
mark_extra_npcs	1	1
mark_rail_group_trigger	1	1
mark_remaining_luchadors	1	1
mark_routers	1	1
mark_statues	1	1
mark_wave_npcs	1	1
marker_next	1	1
marker_prev	1	1
marker_set	1	1
marker_set_time	1	1
marsquake_thread	1	1
mascot_brawl	1	1
massacre_cb	1	1
matt_air_teleport_thread	1	1
matt_defeated_zscene	1	1
matt_ground_teleport_thread	1	1
matt_health_thread	1	1
matt_intro_zscene	1	1
matt_land	1	1
matt_lift_off_again	1	1
maybe_cancel_activation_thread	1	1
maybe_cancel_transmitter_thread	1	1
maybe_cleanup_chase_trigger	1	1
maybe_restore_factory_objective	1	1
mechanic_purchase_cb	1	1
meet_oleg	1	1
meeting	1	1
meeting_cleanup	1	1
meeting_cutscene	1	1
melee_brute_thread	1	1
mid_awards_reset	1	1
mini_tank_wave	1	1
minigun_brute_thread	1	1
minigun_cb	1	1
missile_rack_thread	1	1
mission_fail_heli_destroyed	1	1
mission_start_zscene_post_init	1	1
mission_zscene_post_init	1	1
monitor_passengers_thread	1	1
monitor_police_notoriety_thread	1	1
monster_closet_add	1	1
monster_closet_remove	1	1
morningstar_see_saints_line_cb	1	1
mouse_input_add	1	1
mouse_middle_click	1	1
mouse_off	1	1
mouse_release	1	1
mouse_update	1	1
move_angel	1	1
move_heli	1	1
move_manager	1	1
move_members	1	1
move_saints_up02	1	1
move_saints_up03	1	1
move_saints_up04	1	1
move_script_npc_to	1	1
move_zimos_and_girls	1	1
mover_damaged	1	1
ms_4	1	1
ms_5	1	1
ms_6	1	1
ms_7	1	1
ms_8	1	1
ms_9	1	1
ms_breakroom_persona_cb	1	1
ms_jumbo_1	1	1
mstar_attacker_dead_cb	1	1
music_switch	1	1
must_kill_cleanup	1	1
must_kill_setup	1	1
nag_thread	1	1
national_guard_trap	1	1
nav_a	1	1
nav_areas	1	1
nav_b	1	1
nav_component	1	1
nav_nothing	1	1
nav_slot	1	1
nearest_search_location_thread	1	1
new_message	1	1
news_heli_thread	1	1
no_vehicle_exit_final	1	1
north_vantage_cb	1	1
nothing	1	1
notice_snipers_cb	1	1
notoriety_increased	1	1
npc_clear_death_callback	1	1
npc_damaged_fail	1	1
npc_leave_kill_area_cb	1	1
nuke_tanks	1	1
num_crates_left	1	1
number_thread	1	1
obj_four	1	1
obj_four_cleanup	1	1
obj_four_cooling_tower	1	1
obj_manager	1	1
obj_one	1	1
obj_shut_down_forcefield	1	1
obj_three_heli	1	1
obj_two	1	1
obj_two_cleanup	1	1
objective_airport	1	1
objective_catch_killbane	1	1
objective_clear_deckers	1	1
objective_crash_peds	1	1
objective_crash_the_boat	1	1
objective_crash_the_car	1	1
objective_crash_the_helicopter	1	1
objective_enter_building	1	1
objective_find_the_weapons	1	1
objective_get_in_heli_chase_killbane	1	1
objective_get_in_heli_first_tower	1	1
objective_get_in_heli_second_tower	1	1
objective_go_to_first_tower	1	1
objective_go_to_heli_smiling_jacks	1	1
objective_go_to_interview	1	1
objective_go_to_second_tower	1	1
objective_go_to_the_gym	1	1
objective_helicopter_ride	1	1
objective_hold_your_ground	1	1
objective_plant_first_transmitter	1	1
objective_plant_second_transmitter	1	1
objective_protect_the_stash	1	1
objective_reached_cb	1	1
objective_take_control_of_the_car	1	1
objective_talk_to_jane	1	1
objective_tanks_to_you	1	1
objective_target_the_van	1	1
objective_text	1	1
objective_text_clear	1	1
obliterate_landing_deck_vtols	1	1
office_cb	1	1
oleg_cb	1	1
oleg_died_callback	1	1
oleg_dismissed_cb	1	1
oleg_door1_cb	1	1
oleg_door2_cb	1	1
oleg_go0	1	1
oleg_go1	1	1
oleg_go2	1	1
oleg_revived_cb	1	1
on	1	1
on_boat_enter_cb	1	1
on_boat_exit_cb	1	1
on_breadcrumb_reached	1	1
on_death_alien_homie_fail	1	1
on_enter_draw_image	1	1
on_load_josh	1	1
on_near_crash_cb	1	1
on_take_damage_rc_car	1	1
on_trigger_machine	1	1
on_trigger_rocket_pickup	1	1
open_cash	1	1
open_cheat_save	1	1
open_front_doors	1	1
open_garage	1	1
open_invite	1	1
open_preview_dialog	1	1
open_ps_doors	1	1
open_rj_door	1	1
open_screen	1	1
options	1	1
options_dialog_fill_data	1	1
out	1	1
out_of_area_failure	1	1
outside_casino_reached_cb	1	1
outside_garage_battle	1	1
outside_garage_setup_stag_member	1	1
override01_cb	1	1
override02_cb	1	1
override03_cb	1	1
override04_cb	1	1
pa_cyrus	1	1
pa_kia	1	1
palette_grid_nav	1	1
palette_selected	1	1
parachute_in	1	1
partier_behavior	1	1
partygoers_panic	1	1
path_complete_thread	1	1
patron_death_cb	1	1
pause_anims	1	1
pause_disconnect	1	1
pause_hide	1	1
pause_input	1	1
pause_show	1	1
paused_game	1	1
peds_reaction	1	1
penthouse_cutscene	1	1
persona_line_playing	1	1
pickup_bomb_thread	1	1
pierce_dead	1	1
pierce_drive_in	1	1
pierce_freed	1	1
pierce_give_player_airstrike	1	1
pierce_in_party	1	1
pierce_runs_to_bar	1	1
pilot_exit	1	1
ping_thread	1	1
plan_b_scene	1	1
planet_saints_cleanup_preemptive_attack_cbs	1	1
planet_saints_preemtive_attack_cb	1	1
planet_saints_register_preemptive_attack_cbs	1	1
plant_bombs	1	1
play_arena_entrance_fireworks	1	1
play_audio	1	1
play_audio_set	1	1
play_bounce_cb	1	1
play_car_convo	1	1
play_chatter_line	1	1
play_chatter_lines	1	1
play_convo_1	1	1
play_convo_2	1	1
play_cte	1	1
play_cyrus_death_scene	1	1
play_driving_convo	1	1
play_entrance_cutscene	1	1
play_go_audio	1	1
play_heli_drop_off_convo	1	1
play_lovely_killbane_action	1	1
play_mask_cutscene	1	1
play_next_ball_animations	1	1
play_next_vault_animations	1	1
play_player_start_anim_thread	1	1
play_sing_along	1	1
play_statue_line	1	1
play_tag_action	1	1
play_z_scene	1	1
playback_buttons	1	1
player_choice	1	1
player_choice_made_cb	1	1
player_choice_sequence	1	1
player_come_down	1	1
player_come_down_thd	1	1
player_damaged_in_ring_cb	1	1
player_decision	1	1
player_destroy_machine	1	1
player_didnt_unmask_killbane	1	1
player_disable_machine	1	1
player_disobey_failure_cb	1	1
player_enter_ring	1	1
player_entered_bridge_area_cb	1	1
player_entered_mission_area_trigger	1	1
player_exited_bridge_area_cb	1	1
player_fired_weapon	1	1
player_fired_weapon_cb	1	1
player_got_prop_in_ring_cb	1	1
player_hacking	1	1
player_heli_bail_cb	1	1
player_heli_shot_cb	1	1
player_in_fast_vehicle	1	1
player_in_truck	1	1
player_is_close_to_chase_start	1	1
player_is_in_a_tank	1	1
player_is_in_trigger	1	1
player_jumped_local_cb	1	1
player_jumped_process	1	1
player_jumped_remote_cb	1	1
player_leave_penthouse	1	1
player_left_mission_area_trigger	1	1
player_made_choice_cb	1	1
player_on_boat_enter_cb	1	1
player_on_boat_exit_cb	1	1
player_prop_destroyed_cb	1	1
player_reached_angel	1	1
player_reached_objective_cb	1	1
player_unmasked_killbane	1	1
player_vomit_hack_noises	1	1
player_vtol_tracking_thread	1	1
players_are_ready_to_transform	1	1
players_enter_rail_heli	1	1
players_enter_rail_heli_helper	1	1
players_set_vault_health	1	1
players_start_vault_health	1	1
players_stop_vault_health	1	1
pony_cart_alive_thread	1	1
pony_chase_thread	1	1
pony_enemy_killed_cb	1	1
populate_categories	1	1
populate_cheats	1	1
populate_color_grid	1	1
populate_data	1	1
populate_horde_data	1	1
populate_items_menu	1	1
populate_menu	1	1
populate_palette_grid	1	1
populate_rim_category	1	1
populate_rim_grid	1	1
populate_tire_menu	1	1
populate_title	1	1
populate_trim_color_grid	1	1
populate_trim_palette_menu	1	1
populate_underglow_grid	1	1
populate_wheel_menu	1	1
popup	1	1
popup_close	1	1
pos_camera_final	1	1
pos_camera_go	1	1
post_obj_convoy_death_callback	1	1
pow	1	1
powder_defend_tag	1	1
power_trigger_activated	1	1
pre_obj_convoy_death_callback	1	1
preload_convo	1	1
prep_avatar_for_decker_battle	1	1
prep_chase_trigger	1	1
prep_heli	1	1
prep_kneecapper	1	1
prep_kneecapper_vehicle	1	1
prep_roof_group_cb	1	1
press_start_hide	1	1
press_start_init	1	1
press_start_show	1	1
press_start_skip	1	1
process_ambush_npc_thread	1	1
process_ambush_vehicle_thread	1	1
process_angel_stomper_thread	1	1
process_angel_stompers_thread	1	1
process_antivirus_wave	1	1
process_armory_explosion_dialog_thread	1	1
process_armory_take2_wrap	1	1
process_attack	1	1
process_attack_vtol_take_off	1	1
process_cyrus_boss_ai_thread	1	1
process_debris_flow_speed_thread	1	1
process_dog_fight	1	1
process_feedback	1	1
process_gat_attack_cb	1	1
process_helicopter_drop_off_thread	1	1
process_junction_boxes	1	1
process_oleg_vtol_panic_thread	1	1
process_parked_car_explosions	1	1
process_placeholder_dialog_thread	1	1
process_plane_crash_thread	1	1
process_play_heli_crash_thread	1	1
process_rail_loop	1	1
process_ref_ai_thread	1	1
process_run_to_tank_thread	1	1
process_see_saints_cb	1	1
process_steal_humvee	1	1
process_tank_chase_thread	1	1
process_transmitter_sequence	1	1
prop_dialog_fill_data	1	1
prop_update_dialog_general	1	1
prop_update_dialog_zone_blend	1	1
protect_pierce	1	1
ps_human_killed_cb	1	1
ps_trigger_cb	1	1
purchase_color_final	1	1
purchase_final	1	1
purchase_select	1	1
purchase_upgrade_final	1	1
purchase_wheels	1	1
purchase_wheels_final	1	1
qte_complete	1	1
quit	1	1
radio_call_in_stop	1	1
radio_call_in_thread	1	1
radio_chatter_thread	1	1
rail_cleanup	1	1
rail_damage_tag	1	1
rail_dt_02_initialize	1	1
rail_finale_tag_damage_thread	1	1
rail_gunfire_subthread	1	1
rail_gunfire_thread	1	1
rail_human_killed	1	1
rail_initial_spawn_gunfire_thread	1	1
rail_nw_01_initialize	1	1
rail_pay_attention_thread	1	1
rail_spawn_thread	1	1
rail_tag_roar_thread	1	1
rail_vehicle_destroyed	1	1
random_anim_complete	1	1
rc_boat_destroyed_cb	1	1
rc_car_destroyed_cb	1	1
rc_car_hit_ped_cb	1	1
rc_car_timer_expired	1	1
rc_heli_destroyed_cb	1	1
rc_tank_destroyed_cb	1	1
reached_alley	1	1
reached_bomb	1	1
reached_bottom_floor	1	1
reached_breakroom	1	1
reached_callback	1	1
reached_catwalk	1	1
reached_clothes	1	1
reached_clothes2	1	1
reached_fake_mask	1	1
reached_freerun	1	1
reached_goal_cb	1	1
reached_inside	1	1
reached_mechanic	1	1
reached_mechanic2	1	1
reached_notoriety	1	1
reached_office	1	1
reached_pre_bomb	1	1
reached_safehouse	1	1
reached_safehouse2	1	1
reached_showroom	1	1
reached_topstairwell	1	1
reached_upstairs	1	1
reached_vault	1	1
reached_vault_breadcrumb	1	1
reached_warehouse_door	1	1
reached_wheelhouse	1	1
reactor_cleanup	1	1
reduce_truck_speed	1	1
reel_peg_loaded	1	1
reel_process	1	1
refresh_rewards	1	1
register_trigger	1	1
release_group	1	1
release_harasser_to_world	1	1
release_jetskis	1	1
release_npc_to_world	1	1
release_terminal_groups	1	1
remaining_luchador_died	1	1
remove_bee_gun	1	1
remove_chatterers	1	1
remove_complete	1	1
remove_forcefields	1	1
remove_icons_from_active_triggers	1	1
remove_killbane_beatup_trigger	1	1
remove_loadout	1	1
remove_makers_and_callbacks	1	1
remove_markers	1	1
remove_message	1	1
remove_player_super_powers	1	1
remove_slot	1	1
remove_vehicle_marker_cb	1	1
remove_warn_radius_cb	1	1
remove_weapon_on_vehicle_exit	1	1
required_kill_cb	1	1
rescue_kinzie	1	1
rescue_kwilanna_take1_cleanup	1	1
rescue_kwilanna_take1_process	1	1
rescue_kwilanna_take2_cleanup	1	1
rescue_kwilanna_take2_process	1	1
reset_doors	1	1
reset_doors_chkpnt01	1	1
reset_doors_chkpnt02	1	1
reset_doors_chkpnt03	1	1
reset_doors_chkpnt04	1	1
reset_doors_chkpnt05	1	1
reset_doors_locked	1	1
reset_movers_thread	1	1
reset_waiting	1	1
resize_text	1	1
respawn_magma_crystal_thread	1	1
respawn_pair_thread	1	1
restart_remove	1	1
restore_aircraft_health	1	1
restore_conflicting_zones	1	1
restore_power	1	1
restore_zone_swaps	1	1
restrict_players	1	1
resuce_kwilanna_cb	1	1
resume_game	1	1
retail_combat_convo_thread	1	1
retrieve_invite	1	1
return_to_color_grid	1	1
return_to_crib	1	1
return_to_safehouse	1	1
revert_component	1	1
revert_header	1	1
revive_tag	1	1
revive_tag_cb	1	1
right_side_cb	1	1
rim_grid_nav	1	1
rim_peg_loaded	1	1
rim_selected	1	1
rim_size_update	1	1
rm_trigger_cb	1	1
roadblock_pathfind_to_thread	1	1
rockets_thread	1	1
roof_air_space_entered	1	1
roof_air_space_exited	1	1
roof_guards1	1	1
roof_kill_region_cb	1	1
rooftop_trigger_exit_cb	1	1
room3_cue_music	1	1
rope_entry	1	1
rotate_characters	1	1
rumble_heavy	1	1
rumble_light	1	1
rumble_none	1	1
run_advanced_melee_tutorial	1	1
run_angel_throw_out	1	1
run_bail_out_of_tank	1	1
run_basic_melee_tutorial	1	1
run_cargo_plane_ejection_scene	1	1
run_cargo_plane_escape	1	1
run_cargo_plane_escape_scene	1	1
run_cargo_plane_open_cockpit	1	1
run_catch_shaundi_again	1	1
run_catch_shaundi_first_time	1	1
run_decker_phase_four	1	1
run_defend_angel	1	1
run_defend_the_ring	1	1
run_dive_to_shaundi	1	1
run_enter_the_ring	1	1
run_escape_club_aftermath	1	1
run_escape_to_saints_hq	1	1
run_ff_set_01	1	1
run_ff_set_02	1	1
run_ff_vtol_dive_bombers_01	1	1
run_ff_vtol_flybys_01	1	1
run_ff_vtol_flybys_02	1	1
run_final_dive	1	1
run_final_dive_qte	1	1
run_fly_through_plane_scene	1	1
run_free_failling_initial_dive	1	1
run_get_to_the_front_door	1	1
run_go_to_cargo_hold	1	1
run_goto_angel	1	1
run_grab_parachute	1	1
run_guy_with_gun	1	1
run_hijack_skydiving_tank	1	1
run_kill_sky_goons_01	1	1
run_kill_sky_goons_02_03	1	1
run_kill_sky_goons_05	1	1
run_lobby_cutscene	1	1
run_matt_phase_five	1	1
run_matt_phase_one	1	1
run_matt_phase_three	1	1
run_matt_phase_two	1	1
run_oleg_gets_downed	1	1
run_oleg_jump_on_vtol	1	1
run_oleg_vtol_panic	1	1
run_placeholder_dialog_lines	1	1
run_ram_player_with_plane	1	1
run_rooftop_attack_vtols	1	1
run_rooftop_escape	1	1
run_rooftop_intro	1	1
run_setup_final_dive	1	1
run_setup_free_falling	1	1
run_setup_free_falling_post	1	1
run_setup_free_falling_pre	1	1
run_tank_fall_in_thread	1	1
run_vtol_flyby_hide_thread	1	1
run_vtol_flyby_thread	1	1
run_vtol_transports_01	1	1
run_wave	1	1
saint_reenforcement_thread	1	1
saints_hq_activate_helis_cb	1	1
saints_hq_elev_down_cb	1	1
saints_hq_elev_up_cb	1	1
saints_hq_entry_cb	1	1
saints_hq_gps_cb	1	1
saints_kneecapper_thread	1	1
salute_thread	1	1
same_chopper2_thread	1	1
satellite_attacker_killed_cb	1	1
satellite_attacker_thread	1	1
satellite_attackers_thread	1	1
satellite_tank_killed_cb	1	1
satellite_vehicle_killed_cb	1	1
satellite_weapon_used_cb	1	1
saucer_approach	1	1
saucer_away	1	1
saucer_camera_sequence	1	1
save	1	1
save_pierce	1	1
save_pierce_wave	1	1
save_zone_swaps	1	1
scene_1	1	1
scene_2	1	1
scene_3	1	1
scene_4	1	1
scene_5	1	1
scene_6	1	1
scene_7	1	1
scrape_off_brute	1	1
screen_is_covered	1	1
search_for_tag	1	1
search_location_cb	1	1
search_roar	1	1
second_floor_guards	1	1
second_transmitter	1	1
secondary_heli_hover_setup	1	1
select	1	1
select_axle	1	1
select_component	1	1
select_next	1	1
select_region	1	1
self_destruct_explosions_thread	1	1
send_group_to	1	1
server_drop	1	1
set_active_rail_spawn_group	1	1
set_bomb_or_fly_to	1	1
set_breadcrumb	1	1
set_button_ref	1	1
set_choice_trigger	1	1
set_crate_trigger	1	1
set_current_phase_hitpoints	1	1
set_elevator	1	1
set_enter_warehouse_objective	1	1
set_fake_reticle_for_players	1	1
set_helipad_trigger	1	1
set_images	1	1
set_kill_warehouse_guards_objective	1	1
set_killbane_beatup_trigger	1	1
set_lights_on	1	1
set_menu	1	1
set_new	1	1
set_north_apc_level	1	1
set_notoriety_aircraft_enabled	1	1
set_notoriety_range	1	1
set_objectives_internal	1	1
set_phase	1	1
set_player_loadout	1	1
set_rail_trigger	1	1
set_screen_layout	1	1
set_secondary_objective	1	1
set_seconodary_objective	1	1
set_south_apc_level	1	1
set_state	1	1
set_station_info	1	1
set_timestamp	1	1
set_title	1	1
set_trigger_as_destination	1	1
set_trigger_hit_cb	1	1
set_trigger_use	1	1
set_triggered	1	1
set_up_spawn_groups	1	1
set_up_spawn_phase	1	1
set_use_trigger	1	1
set_waiting_prompt	1	1
setup_all_chase_triggers	1	1
setup_alpha	1	1
setup_ambush	1	1
setup_angel_for_sequence	1	1
setup_attack_chopper	1	1
setup_attack_lines	1	1
setup_autograph_thread	1	1
setup_balcony_battle	1	1
setup_balcony_homies	1	1
setup_banner_scene	1	1
setup_beta	1	1
setup_boats_cb	1	1
setup_bomb_truck	1	1
setup_car_bombs	1	1
setup_catwalk_grunts	1	1
setup_chase	1	1
setup_chase_trigger	1	1
setup_chaser_group	1	1
setup_checkpoint_vehicle	1	1
setup_club	1	1
setup_club_aftermath	1	1
setup_collection_guards	1	1
setup_collection_hos	1	1
setup_collection_wave	1	1
setup_convo_trigger	1	1
setup_crate	1	1
setup_crate_set	1	1
setup_cubical_battle	1	1
setup_cyberdecker	1	1
setup_decision	1	1
setup_defend_angel	1	1
setup_distance_check_triggers	1	1
setup_door	1	1
setup_door_trigger	1	1
setup_downtown_camera_men_01	1	1
setup_enemy_set	1	1
setup_escape_garage	1	1
setup_escape_lobby	1	1
setup_escape_vehicle	1	1
setup_fake_laser_reticle	1	1
setup_fight_killbane	1	1
setup_flyby	1	1
setup_garage	1	1
setup_garage_brute	1	1
setup_garage_vehicles	1	1
setup_get_away_car_drop_off_group	1	1
setup_grab_josh	1	1
setup_guard	1	1
setup_heli_cameramen	1	1
setup_heli_list	1	1
setup_heli_rail	1	1
setup_hud_states	1	1
setup_inside_pr_center	1	1
setup_jailcell01_npcs	1	1
setup_jailcell01_wave	1	1
setup_jailcell02_npcs	1	1
setup_jailcell02_wave	1	1
setup_jailcell03_final	1	1
setup_jailcell03_npcs	1	1
setup_jailcell03_wave	1	1
setup_josh	1	1
setup_landing_deck_cont_spawn	1	1
setup_light_group	1	1
setup_lounge_enemies	1	1
setup_lounge_flee01_npcs	1	1
setup_lounge_flee02_npcs	1	1
setup_lounge_flee03_npcs	1	1
setup_lounge_flee04_npcs	1	1
setup_mission_surface	1	1
setup_obj_one	1	1
setup_obj_two	1	1
setup_oleg	1	1
setup_outside_garage	1	1
setup_outside_pr_center	1	1
setup_peds	1	1
setup_penthouse_stag	1	1
setup_penthouse_vtol	1	1
setup_perimeter	1	1
setup_pierce_and_move_to	1	1
setup_player_and_victim_for_interrogation	1	1
setup_player_drugged	1	1
setup_player_to_carry_josh	1	1
setup_pony_carts	1	1
setup_powder	1	1
setup_pr_center_npc	1	1
setup_rail_ambush	1	1
setup_rail_common	1	1
setup_roof	1	1
setup_rooftop	1	1
setup_rooftop_intro	1	1
setup_ropes	1	1
setup_saint_reenforcement	1	1
setup_save_pierce_wave	1	1
setup_see_saints	1	1
setup_side	1	1
setup_side_thread	1	1
setup_slots	1	1
setup_spawn_group	1	1
setup_stag_attack_vtol	1	1
setup_start_lobby	1	1
setup_start_world	1	1
setup_stop	1	1
setup_suko	1	1
setup_transmitter_sequence	1	1
setup_transport_thread	1	1
setup_upstairs	1	1
setup_vault_destination	1	1
setup_viola	1	1
setup_warehouse_guards	1	1
shaundi_attacked_thread	1	1
shaundi_died_cb	1	1
shaundi_dismissed_cb	1	1
shaundi_freed	1	1
shaundi_hack_animation_thread	1	1
shaundi_hack_thread	1	1
shaundis_ex_cleanup_on_foot_preemptive_attack_cbs	1	1
shaundis_ex_cleanup_vehicle_preemptive_attack_cbs	1	1
shaundis_ex_on_foot_preemtive_attack_cb	1	1
shaundis_ex_register_on_foot_preemptive_attack_cbs	1	1
shaundis_ex_register_vehicle_preemptive_attack_cbs	1	1
shaundis_ex_vehicle_preemtive_attack_cb	1	1
shield_destroyed_cb	1	1
shield_destroyed_spawn_thread	1	1
shift_up	1	1
shoot_even_more	1	1
shoot_heli_alt	1	1
shoot_most	1	1
shot_1	1	1
shot_10	1	1
shot_11	1	1
shot_2	1	1
shot_20	1	1
shot_21	1	1
shot_23	1	1
shot_24	1	1
shot_25	1	1
shot_26	1	1
shot_3	1	1
shot_6	1	1
shot_7	1	1
shot_8	1	1
shot_9	1	1
show_car_bombs	1	1
show_categories	1	1
show_char	1	1
show_image	1	1
show_images	1	1
show_invite	1	1
show_main	1	1
show_movers	1	1
show_objective	1	1
show_objective_kill	1	1
show_objective_loc	1	1
show_objective_use	1	1
show_page	1	1
show_vfx	1	1
show_warn_radius_cb	1	1
side_change_marked	1	1
sign_add	1	1
sign_autograph_cb	1	1
sign_nav	1	1
sign_on_back	1	1
sign_populate	1	1
sign_revert	1	1
sign_select	1	1
signal_swap_complete	1	1
slider_add_extra_inputs	1	1
slider_left_arrow_click	1	1
slider_left_arrow_move	1	1
slider_mouse_click	1	1
slider_mouse_drag	1	1
slider_mouse_drag_release	1	1
slider_right_arrow_click	1	1
slider_right_arrow_move	1	1
slot_add	1	1
slot_died	1	1
slot_menu_enter	1	1
slot_menu_leave	1	1
slot_nav	1	1
slot_populate	1	1
sniper_died_cb	1	1
soften_attackers	1	1
solider_count_thread	1	1
sort	1	1
south_vantage_cb	1	1
sp_start_confim	1	1
sp_trigger_cb	1	1
spawn_and_float_heli_thread	1	1
spawn_and_release	1	1
spawn_attack_heli_thread	1	1
spawn_attacker_thread	1	1
spawn_ball	1	1
spawn_barge	1	1
spawn_bdsm	1	1
spawn_cyberdecker_group	1	1
spawn_deckers_base	1	1
spawn_enemies	1	1
spawn_fight_club_phase_npcs	1	1
spawn_first_checkpoint_enemies	1	1
spawn_fourth_checkpoint_enemies_v1	1	1
spawn_fourth_checkpoint_enemies_v2	1	1
spawn_heli	1	1
spawn_initial	1	1
spawn_morningstar	1	1
spawn_morningstar_no_brute	1	1
spawn_oleg_tanks	1	1
spawn_penthouse	1	1
spawn_retail_brute	1	1
spawn_roadblock	1	1
spawn_saints	1	1
spawn_second_checkpoint_enemies	1	1
spawn_secondary_enemies_cb	1	1
spawn_ship_guards	1	1
spawn_tanks	1	1
spawn_target	1	1
spawn_third_checkpoint_brute	1	1
spawn_third_checkpoint_enemies_v1	1	1
spawn_third_checkpoint_enemies_v2	1	1
spawn_transport_attack_heli_thread	1	1
spawn_warehouse_wave1	1	1
spawning	1	1
spawns_cb	1	1
spotlight_heli_destroyed_cb	1	1
stag_ambush_soldier_killed_cb	1	1
stag_completion	1	1
stag_encounter_do_action_cb	1	1
stag_encounter_entered_cb	1	1
stag_encounter_exited_cb	1	1
stag_exit	1	1
stag_popup_nav	1	1
stag_popup_select	1	1
stag_tank_destroyed_cb	1	1
stag_transport_sniper_killed_cb	1	1
stag_transport_soldier_killed_cb	1	1
stag_vtol_radio_chatter_thread	1	1
stair_guard_damaged_cb	1	1
stairs_cb	1	1
stairwell01_cb	1	1
stairwell02_cb	1	1
stairwell03_cb	1	1
stairwell04_cb	1	1
stairwell_spawn	1	1
stairwell_spawn_start_thd	1	1
stairwell_spawn_stop_thd	1	1
start_alarms	1	1
start_chasers_1_cb	1	1
start_chasers_2_cb	1	1
start_chatter_thread	1	1
start_combat_cb	1	1
start_continuous_spawn_groups	1	1
start_convo_elevator	1	1
start_cookie_trail	1	1
start_dialog_canceled	1	1
start_emitters	1	1
start_fire	1	1
start_fleeing_peds_1	1	1
start_game	1	1
start_ho_wait_thread	1	1
start_interrogation	1	1
start_ms_wait_thread	1	1
start_notoriety_cb	1	1
start_office_spawns	1	1
start_respawn_pairs	1	1
start_single_player	1	1
start_spawning	1	1
start_swat_respawn_pairs	1	1
start_vo_cb	1	1
start_wave	1	1
start_wave_set	1	1
statue_died	1	1
steal_a_car	1	1
sticks_update	1	1
stop_alarms	1	1
stop_all_daedalus_gun_effects	1	1
stop_all_emitters	1	1
stop_bounce_cb	1	1
stop_chatter_thread	1	1
stop_convo_thread	1	1
stop_emitters	1	1
stop_enemies_thread	1	1
stop_failure_timers	1	1
stop_fire	1	1
stop_ho_wait_thread	1	1
stop_homies_thread	1	1
stop_ms_wait_thread	1	1
stop_office_spawns	1	1
stop_player_car_thread	1	1
stop_player_thread	1	1
stop_respawn_pairs	1	1
stop_spawns	1	1
stop_swat_respawn_pairs	1	1
stop_wave	1	1
stop_wave_set	1	1
strip_club_abandoned	1	1
strip_club_airlock_inner_enter_cb	1	1
strip_club_airlock_outer_enter_cb	1	1
strip_club_near_trigger_cb	1	1
studio_cam_panning_thread	1	1
studio_massacre_cb	1	1
stumble_cb	1	1
stumble_cb_alt	1	1
stunt_sequence	1	1
style_menu_select	1	1
sub_activate_mouse	1	1
sub_back	1	1
sub_finish_scroll	1	1
sub_mouse_click	1	1
sub_mouse_move	1	1
sub_nav	1	1
sub_open_stage_1	1	1
sub_open_stage_2	1	1
sub_scrollbar_reset	1	1
sub_scrollbar_set	1	1
sub_select	1	1
sub_set_selected	1	1
subtitle_bottom	1	1
subtitle_top	1	1
support_thugs	1	1
survive_cops	1	1
survive_initial_assault	1	1
swap_logo	1	1
swap_out_conflicting_zones	1	1
swat_attack_line_cb	1	1
swat_backup	1	1
swat_entry	1	1
switch_loadout	1	1
switch_to_garage	1	1
system_update	1	1
tag_cte	1	1
tag_damage_cb	1	1
tag_run_away	1	1
take1_tower_guard_killed_cb	1	1
take_cover_cb	1	1
take_hostage	1	1
tank_attack	1	1
tank_combat_clean_up	1	1
tank_combat_end_battle	1	1
tank_combat_process	1	1
tank_combat_setup	1	1
tank_delay_gunner_thread	1	1
tank_exit_cb	1	1
tank_one_destroyed_cb	1	1
tank_path_reached_cb	1	1
tank_targets	1	1
tank_two_destroyed_cb	1	1
target_death_cb	1	1
target_destroyed	1	1
taunted	1	1
tauntee_killed	1	1
teleport_kinzie	1	1
teleport_to_chkpnt	1	1
terminal_hack_cb	1	1
test_add	1	1
test_cancel	1	1
test_complete	1	1
test_populate	1	1
test_thread	1	1
text_adventure_process	1	1
third_transmitter	1	1
thirds	1	1
thread_abandon_vehicle	1	1
thread_boss_battle_avatar_individual_transform	1	1
thread_boss_battle_avatar_player_transform	1	1
thread_boss_battle_decker_spawn	1	1
thread_car_bomb_manager	1	1
thread_chase_rubber_band	1	1
thread_cheat_audio_thread	1	1
thread_cleanup_area_around_shaundi	1	1
thread_do_plane_dust_vfx	1	1
thread_elevator_manager	1	1
thread_enforce_character_locations	1	1
thread_hide_stuff_for_plane_fly_through	1	1
thread_human_shield_check	1	1
thread_keep_players_out_of_vehicles	1	1
thread_kill_players_that_fall_too_far	1	1
thread_kwilanna_get_in_vehicle	1	1
thread_lame_weapon_cheat_cb	1	1
thread_launch_box	1	1
thread_lt_flee_to_warehouse	1	1
thread_pickup_josh_marker	1	1
thread_pierce_convo_and_leave	1	1
thread_pierce_dance_behavior	1	1
thread_powder_calm_tag	1	1
thread_powder_jimmy_behavior	1	1
thread_powder_tag_behavior	1	1
thread_process_box_jiggle	1	1
thread_process_cargo_bay_door	1	1
thread_process_cargo_bay_vo_lines	1	1
thread_process_cargo_plane_circling	1	1
thread_process_cargo_plane_retreat	1	1
thread_process_catch_shaundi_music	1	1
thread_process_escape_to_hq_conversations	1	1
thread_process_flyby	1	1
thread_process_grapple_enemy_release	1	1
thread_process_mission_start_vo	1	1
thread_process_oleg_rooftop_intro	1	1
thread_process_plane_approach_audio	1	1
thread_process_plane_music	1	1
thread_process_player_steal_tank_pose	1	1
thread_process_shaundi_nag	1	1
thread_process_sky_goon_move	1	1
thread_process_skydive_object_whoosh	1	1
thread_process_viola_rooftop_intro	1	1
thread_process_vtol_dive_bomb	1	1
thread_run_stag_flyby_vtol	1	1
thread_tag_to_pierce	1	1
thread_text_adventure_audio_thread	1	1
thread_tire_check	1	1
thread_unequip_your_weapon	1	1
thread_vehicle_pathfind_thread	1	1
thread_vtol_fly_away	1	1
throttle_heli_boats	1	1
time_is_up	1	1
time_up_cb	1	1
timer_thread	1	1
timer_update	1	1
timer_validation_fail_cb	1	1
tire_grid_nav	1	1
tire_peg_loaded	1	1
tire_selected	1	1
title_create	1	1
title_destroy	1	1
title_fade_cb	1	1
title_update	1	1
tm_trigger_cb	1	1
to_vault_001	1	1
to_vault_002	1	1
toggle_add_arrow_inputs	1	1
toggle_left_arrow_click	1	1
toggle_left_arrow_move	1	1
tooltip_init	1	1
tooltip_set_text	1	1
top_activate_mouse	1	1
top_build	1	1
top_floor_setup	1	1
top_highlight_item	1	1
top_img_loaded	1	1
top_mouse_click	1	1
top_mouse_move	1	1
top_nav	1	1
top_populate	1	1
top_ready	1	1
top_select	1	1
tower_complete	1	1
track_player_enter_vehicle_cb	1	1
trail_start	1	1
trail_stop	1	1
trail_thread	1	1
trans_in_complete	1	1
trans_out_complete	1	1
trans_to_pause_map	1	1
transfer	1	1
transform_player_into_human_avatar	1	1
transition_complete	1	1
transmitter_placement_started_cb	1	1
transport_destroyed	1	1
transport_destroyed_cb	1	1
transport_drop_off_thread	1	1
transport_emergency_destroy_thread	1	1
transport_flyby_thread	1	1
transport_heli_destroyed_cb	1	1
transport_show	1	1
transport_vtol_destroyed_cb	1	1
trap_electric	1	1
trap_fire	1	1
trigger_crate_cb	1	1
trigger_door_cb	1	1
trigger_horse_cb	1	1
trigger_kill_zone	1	1
trigger_left	1	1
trigger_outside_battle	1	1
trigger_specialist_spawn	1	1
trigger_stag_ambush_cb	1	1
trim_color_grid_nav	1	1
trim_color_selected	1	1
trim_palette_menu_nav	1	1
trim_palette_reverted	1	1
trim_palette_selected	1	1
truck_abandoned_cb	1	1
truck_dead_cb	1	1
truck_goto_trigger	1	1
truck_route	1	1
tunnel_entrace_triggered_cb	1	1
tunnel_explosions_triggered_cb	1	1
tutorial_cb	1	1
tutorial_mode_change_text	1	1
tutorial_mode_enable	1	1
underglow_color_add	1	1
underglow_color_grid_nav	1	1
underglow_color_selected	1	1
underglow_fail_msg	1	1
underglow_purchase_color_final	1	1
unhide_brute_section	1	1
unhide_level_art_objs	1	1
unhighlight_mini_buttons	1	1
unload_all_threads	1	1
unload_pegs	1	1
unload_persona	1	1
unlock_front_doors	1	1
unpause	1	1
unregister_trigger	1	1
unrestrict_players	1	1
update_button_hints	1	1
update_char	1	1
update_char_display	1	1
update_chase_radius	1	1
update_chase_waypoint	1	1
update_continue_button	1	1
update_critical	1	1
update_ff	1	1
update_gameplay_msg	1	1
update_local_ready	1	1
update_map	1	1
update_map_display	1	1
update_message	1	1
update_mouse_inputs	1	1
update_options	1	1
update_path	1	1
update_ready	1	1
update_region	1	1
update_search_location	1	1
update_stairs	1	1
update_total_price	1	1
update_txt	1	1
update_use	1	1
upgrade_confirm	1	1
upgrade_enter	1	1
upload	1	1
upload_cb	1	1
upload_complete	1	1
use_mechanic	1	1
used_computer	1	1
vault_above_cam	1	1
vault_convo_thread	1	1
vault_environ_setup_thread	1	1
vault_first_guards	1	1
vault_roof_setup	1	1
vault_setup_part1_thread	1	1
vault_setup_part2_thread	1	1
vehicle	1	1
vehicle_add	1	1
vehicle_add_marker	1	1
vehicle_add_waypoint	1	1
vehicle_damaged	1	1
vehicle_destroyed	1	1
vehicle_flee	1	1
vehicle_follow_path	1	1
vehicle_is_helicopter	1	1
vehicle_is_tank	1	1
vehicle_killed	1	1
vehicle_lava_thread	1	1
vehicle_nav	1	1
vehicle_over_roof_damaged	1	1
vehicle_path_thread	1	1
vehicle_populate	1	1
vehicle_rail_cleanup	1	1
vehicle_rail_force_stop_car	1	1
vehicle_rail_goal_marker	1	1
vehicle_rail_near_end_trigger_cb	1	1
vehicle_rail_prep_enemy_vehicles	1	1
vehicle_rail_sirens	1	1
vehicle_rail_start	1	1
vehicle_rail_tag_glimpses	1	1
vehicle_rail_vehicle_explosions_cb	1	1
vehicle_rail_vehicle_killed	1	1
vehicle_remove_marker	1	1
vehicle_remove_waypoint	1	1
vehicle_revert	1	1
vehicle_slot_menu_enter	1	1
vehicle_slot_menu_leave	1	1
vehicle_slot_nav	1	1
vehicle_stay_put_thread	1	1
vehicle_update	1	1
vfx_play	1	1
view_gamercard	1	1
viola_died_cb	1	1
viola_dismissed_cb	1	1
viola_freed	1	1
virus_air_wave_spawn_thread	1	1
virus_ground_wave_spawn_thread	1	1
virus_transfer_thread	1	1
vtol_attack_thread	1	1
vtol_collision_cb	1	1
vtol_destroyed_callback	1	1
vtol_destroyed_cb	1	1
vtol_escape_explosions_thread	1	1
vtol_flyby_fire_cb	1	1
vtol_hijacked_callback1	1	1
vtol_hijacked_callback2	1	1
vtol_hijacked_callback3	1	1
vtol_hijacked_callback4	1	1
vtol_hijacked_callback_oleg	1	1
vtol_oi_tgr_cb	1	1
vtol_panic_thread	1	1
vtol_transport_drop_off_thread	1	1
wait_for_all_non_repeating_waves	1	1
wait_for_audio	1	1
wait_for_audio_safe	1	1
wait_for_convo	1	1
wait_for_convo_safe	1	1
wait_for_heli_takeoff_thread	1	1
wait_for_matt_health	1	1
wait_for_persona_line	1	1
wait_for_persona_line_safe	1	1
wait_for_player_to_enter_trigger	1	1
wait_for_player_to_enter_vehicle	1	1
wait_for_players_to_exit_vehicle	1	1
wait_for_ps_trigger	1	1
wait_for_qte_complete	1	1
wait_for_required_kills	1	1
wait_for_slots	1	1
wait_for_trigger_hit	1	1
wait_for_waves_to_complete_state	1	1
wait_on_leftovers_killed	1	1
wait_on_reach_vault	1	1
wait_on_statues_destroyed	1	1
wait_until_entrance_cutscene_triggered	1	1
wait_until_josh_is_in_range	1	1
waiting_for_fade	1	1
wake_up_group	1	1
wake_up_npc	1	1
wake_up_npcs	1	1
walk_to_and_enter_vehicle_thread	1	1
warehouse_advance_cb	1	1
warehouse_guard_killed_cb	1	1
warehouse_reached	1	1
watch_antivirus_disintegrate	1	1
watch_firewall_disintegrate	1	1
watch_internet_security_disintegrate	1	1
watch_phillipe	1	1
wave4_cb	1	1
wave_thread	1	1
wave_vehicle_killed_cb	1	1
waves_in_state	1	1
weapon_store2_trigger2_cb	1	1
weapon_store2_trigger_cb	1	1
weapon_store_complete	1	1
weapon_store_trigger_cb	1	1
weapon_upgrade_tutorial	1	1
weapon_was_equiped	1	1
weapon_was_equipped	1	1
weapons_cache_trigger_cb	1	1
wheel_size_update	1	1
wheel_width_update	1	1
who_is_holding_josh	1	1
whored	1	1
whored_continue_game	1	1
wieldable_prop_created_cb	1	1
wind_down_rail_music	1	1
wipe_complete	1	1
wrapper_thread_forever	1	1
wrestler_heli_destroyed_cb	1	1
wrongway_cb	1	1
zimos_comforting_hos	1	1
zimos_died_cb	1	1
zimos_girl_behavior_thread	1	1
zimos_gives_a_rocket	1	1
zimos_greet_player	1	1
zimos_greet_player_thd	1	1
zimos_join_player	1	1
zimos_leave_player	1	1
zimos_move_to_close_nav	1	1
zimos_part_one_run	1	1
zimos_part_two_run	1	1
