name	cluster
C_cell_phone_mission_start	ui
Completion_finalize_fade	ui
Completion_reset_respect_screen	ui
Completion_show_reward_screen	ui
ai_do_scripted_fire	gameplay
ai_do_scripted_move_to_peer	gameplay
animation_sequence_advance	gameplay
audio_cutscene_state_set	gameplay
audio_get_id	gameplay
audio_is_xmp_playing	gameplay
audio_play_emitting_id_for_character	gameplay
audio_play_emitting_id_for_mover	gameplay
audio_play_emitting_id_for_navpoint	gameplay
audio_play_for_cellphone	gameplay
audio_play_mission_do	gameplay
audio_play_startle_or_panic	gameplay
audio_stop_emitting_id	gameplay
begin_killbane_unmask_decision	gameplay
boss_battle_kia_active	gameplay
build_get_build_type	gameplay
cash_remove	gameplay
cell_foreground_transition_out	ui
cell_missions_clear_new_status	ui
cell_spawns_enable	gameplay
cellphone_clear_between_call_delay	gameplay
cellphone_end_call	ui
cellphone_has_received_call	gameplay
cellphone_lock	gameplay
cellphone_receive_call	gameplay
cellphone_remove	gameplay
cellphone_reset_call	gameplay
chainsaw_disable	gameplay
chainsaw_enable	gameplay
character_destroy	gameplay
character_get_can_take_human_shield	gameplay
character_is_in_vehicle_interaction	gameplay
character_is_panicking	gameplay
character_is_swimming	gameplay
character_is_vomiting	gameplay
character_play_combat_move	gameplay
character_set_cannot_wield_havok_weapon	gameplay
character_set_injured	gameplay
character_set_no_satchel_panic	gameplay
character_slots_cap_for_team	gameplay
character_slots_clear_caps	gameplay
character_slots_clear_reservations	gameplay
character_slots_reserve_for_team	gameplay
character_suppress_human_shield_idles	gameplay
character_vomit	gameplay
city_zone_set_all_civilians_fleeing	gameplay
commando_despawn	gameplay
commando_spawn	gameplay
continuous_explosion_avoid_object_remove	gameplay
crib_is_unlocked	gameplay
crouch_is_crouching	gameplay
crouch_start	gameplay
crouch_stop	gameplay
cyrus_boss_ai_sweep_shot	gameplay
damage_indicator_off	gameplay
damage_indicator_on	gameplay
dialog_box_force_close_all	ui
dialog_close_pause_display	ui
distance_display_off	gameplay
distance_display_on	gameplay
district_set_pulsing	gameplay
dlc3_m03_fake_tag_punch_hit	gameplay
door_is_locked	gameplay
door_message_override	gameplay
force_fire_pull_alt_trigger	gameplay
force_melee	gameplay
force_throw_from_vehicle	gameplay
fov_check	gameplay
game_award_style	ui
game_bitmap_sheets_update	ui
game_event_tracking_interface_enter	ui
game_event_tracking_interface_tab_change_crc	ui
game_event_tracking_interface_tab_change_string	ui
game_get_button_text_for_action	ui
game_get_is_coop_client	ui
game_inventory_switch_to_next_slot	ui
game_is_coop_start_screen	ui
game_lock_controller	ui
game_parametric_accel_decel	ui
game_pc_has_controller	ui
game_peg_load	ui
game_screen_fx_fadeout	ui
game_steam_open_store_overlay	ui
game_user_has_online_privilege	ui
game_user_has_voice_privilege	ui
gang_customization_show_tag	ui
gang_customization_show_vehicle	ui
gang_force_spawn	gameplay
garage_retrieve_vehicle	ui
get_char_vehicle_special_type	gameplay
get_char_vehicle_type_name	gameplay
get_current_hood_by_position	gameplay
get_game_time	gameplay
get_hood_owned_percentage	gameplay
get_hood_owner	gameplay
get_min_hit_points	gameplay
get_player_respect	gameplay
get_vehicle_special_type	gameplay
group_member_count	gameplay
guardian_angel_set_max_indicators	gameplay
helicopter_go_to_change_follow_target	gameplay
helicopter_go_to_clear_follow_target	gameplay
hud_bar_set_range	gameplay
hud_get_fake_notoriety	gameplay
hud_is_screen_on_stack	gameplay
hud_player_combo_add	gameplay
hud_player_combo_remove	gameplay
hud_player_combo_remove_all	gameplay
hud_player_combo_update	gameplay
hud_player_combo_update_value	gameplay
hud_timer_pause	gameplay
human_shielding_disabled	gameplay
ingame_effect_scale	gameplay
inv_weapon_remove_all_grenades	gameplay
is_a_human	gameplay
loot_item_add	gameplay
main_menu_start_from_load	ui
mesh_mover_being_wielded	gameplay
mesh_mover_resume_action	gameplay
mesh_mover_stop_action	gameplay
mission_is_active	gameplay
mission_is_unlocked	gameplay
motion_blur_clear_fake_velocity	gameplay
motion_blur_set_fake_velocity	gameplay
navpoint_in_player_fov	gameplay
notoriety_allow_indoor_gang_spawning	gameplay
notoriety_get_decimal	gameplay
notoriety_set_desired_vehicle_count	gameplay
npc_enable_human_collision	gameplay
npc_follow_npc	gameplay
npc_in_player_fov	gameplay
npc_max_corpses_override	gameplay
npc_max_corpses_reset	gameplay
npc_respawn_after_death	gameplay
npc_respawn_after_death_time_override	gameplay
npc_respawn_dist_override	gameplay
npc_respawn_dist_reset	gameplay
npc_scale	gameplay
npc_stop_following	gameplay
npc_weapon_pickup_override_clear	gameplay
on_character_right_hand_hit	gameplay
on_cower	gameplay
on_district_changed	gameplay
on_flee	gameplay
on_game_time_trigger	gameplay
on_mission_item_pickup	gameplay
on_panic	gameplay
on_respawn	gameplay
on_searchlight_track	gameplay
on_tailing_good	gameplay
on_vehicle_hitched	gameplay
on_vehicle_tire_damage	gameplay
on_vehicle_unhitched	gameplay
parachute_disable	gameplay
parachute_enable	gameplay
parking_spot_enable	gameplay
party_get_follower_index	gameplay
party_swap_follower_indices	gameplay
patrol	gameplay
patrol_pause	gameplay
patrol_unpause	gameplay
pause_menu_error_message_while_saving_PS3	ui
pause_menu_open_achievements	ui
pcr_about_to_do_intro_sequence	ui
pcr_avatar_changed	ui
pcr_avatar_is_blank	ui
pcr_get_current_voice_number	ui
pcr_hair_randomize	ui
pcr_is_streaming	ui
pcr_set_identity	ui
pcr_stop_anim	ui
pcu_get_store_info	ui
pcu_is_item_owned	ui
pcu_is_multi_slot_conflict	ui
pcu_is_wearing_item	ui
pcu_remove_clothing_not_undergarments	ui
pcu_report_avail_mp_badges	ui
pcu_reset_handle	ui
pcu_set_mp_badge	ui
pcu_set_suits_active_category	ui
persona_override_persona_reset	gameplay
persona_supplement_persona_reset	gameplay
persona_supplement_persona_start	gameplay
persona_supplement_persona_stop	gameplay
player_action_just_pressed	gameplay
player_button_is_pressed	gameplay
player_button_is_pressed_by_name	gameplay
player_button_just_pressed	gameplay
player_button_just_pressed_by_name	gameplay
player_button_just_released	gameplay
player_button_just_released_by_name	gameplay
player_get_nearest_trigger_of_type	gameplay
position_is_in_trigger	gameplay
radio_post_event	gameplay
radio_reset_station	gameplay
radio_set_sing_along	gameplay
rc_allow_military	gameplay
rc_dont_allow_military	gameplay
render_script_trigger_on_minimap_add	gameplay
render_script_trigger_on_minimap_remove	gameplay
rpg_flight_mission_mode_disable	gameplay
rpg_flight_mission_mode_enable	gameplay
satellite_weapon_mode_enter	gameplay
set_animation_group	gameplay
set_dont_drop_havok_weapons_on_idle	gameplay
set_never_crouch_flag	gameplay
set_player_can_be_busted	gameplay
set_police_never_fire_at_civilian_human_shields	gameplay
set_weather	gameplay
shop_enable	gameplay
spawn_wieldable_prop	gameplay
spawning_allow_gang_team_ambient_spawns	gameplay
store_gang_allow_input	ui
traffic_set_multiplier	gameplay
trigger_set_delay_between_activations	gameplay
tutorial_advance	gameplay
tutorial_completed	gameplay
tutorial_suspend_all	gameplay
tutorial_suspend_current	gameplay
vcust_revert_wheel_choice	ui
vcust_revert_wheels	ui
vcust_using_lightset	ui
vehicle_attach_trailer	gameplay
vehicle_component_get_hitpoints	gameplay
vehicle_component_is_attached	gameplay
vehicle_component_is_unlatched	gameplay
vehicle_component_set_hitpoints	gameplay
vehicle_disable_fire_from_vehicle	gameplay
vehicle_door_prevent_damage_detach	gameplay
vehicle_get_num_seats	gameplay
vehicle_get_num_wheels	gameplay
vehicle_get_num_wheels_alive	gameplay
vehicle_get_total_wheels_hit_points	gameplay
vehicle_get_wheel_hit_points	gameplay
vehicle_lights_off	gameplay
vehicle_mark_as_players	gameplay
vehicle_set_bulletproof_glass	gameplay
vehicle_set_drunk	gameplay
vehicle_set_torque_multiplier	gameplay
vehicle_set_untowable	gameplay
vehicle_set_use_lockon_system	gameplay
vehicle_set_wheel_hit_points	gameplay
vehicle_skydiving_move_to_stop	gameplay
vehicle_skydiving_stop	gameplay
wander_stop	gameplay
