name	total_call_sites	distinct_scripts	prefix_group	cluster
game_get_platform	659	244	game	ui
game_UI_audio_play	616	158	game	ui
trigger_enable	563	59	trigger	gameplay
on_trigger	513	59	on	gameplay
coop_is_active	505	45	coop	gameplay
game_get_key_name	442	76	game	ui
audio_object_post_event	427	47	audio	gameplay
objective_text	424	41	objective	gameplay
on_death	386	37	on	gameplay
on_vehicle_destroyed	284	27	on	gameplay
objective_text_clear	263	45	objective	gameplay
set_ignore_ai_flag	238	30	set	gameplay
game_is_active_input_gamepad	238	147	game	gameplay
character_is_dead	237	37	character	gameplay
notoriety_force_no_spawn	234	31	notoriety	gameplay
audio_play_persona_line	227	36	audio	gameplay
turn_invulnerable	222	33	turn	gameplay
get_dist	217	35	get	gameplay
ai_add_enemy_target	183	29	ai	gameplay
teleport	181	33	teleport	gameplay
character_is_in_vehicle	163	29	character	gameplay
mission_end_failure	160	36	mission	gameplay
mission_set_checkpoint	157	37	mission	gameplay
ai_do_scripted_move	154	29	ai	gameplay
turn_vulnerable	149	30	turn	gameplay
on_attack_performed	130	15	on	gameplay
audio_conversation_play	129	41	audio	gameplay
release_to_world	128	27	release	gameplay
game_peg_unload	122	41	game	ui
on_take_damage	119	17	on	gameplay
vehicle_suppress_npc_exit	116	24	vehicle	gameplay
set_player_can_enter_exit_vehicles	109	18	set	gameplay
continuous_spawn_stop	109	20	continuous	gameplay
pop_screen	106	45	pop	ui
spawn_region_enable	104	14	spawn	gameplay
on_trigger_exit	104	23	on	gameplay
city_zone_swap	104	22	city	gameplay
door_open	101	21	door	gameplay
on_dismiss	100	25	on	gameplay
vehicle_is_destroyed	97	22	vehicle	gameplay
npc_combat_enable	95	20	npc	gameplay
fade_out	94	53	fade	gameplay
character_prevent_flinching	92	23	character	gameplay
character_kill	92	30	character	gameplay
inv_weapon_add_temporary	88	23	inv	gameplay
object_is_in_trigger	86	19	object	gameplay
continuous_spawn_start	85	20	continuous	gameplay
character_allow_ragdoll	82	20	character	gameplay
inv_weapon_remove_temporary	78	19	inv	gameplay
on_vehicle_enter	76	14	on	gameplay
audio_conversation_end	76	35	audio	gameplay
effect_stop	75	15	effect	gameplay
vehicle_chase	72	12	vehicle	gameplay
game_get_key_name_for_action	72	16	game	ui
npc_leash_remove	71	24	npc	gameplay
follower_make_independent	69	16	follower	gameplay
clear_animation_state	68	18	clear	gameplay
set_mission_author	67	67	set	gameplay
disable_specific_notoriety_group	67	4	disable	gameplay
door_lock	66	17	door	gameplay
on_damage	64	11	on	gameplay
npc_leash_to_nav	64	21	npc	gameplay
notoriety_set_min_and_max	64	10	notoriety	gameplay
inv_item_equip	64	17	inv	gameplay
follower_set_can_abandon	64	24	follower	gameplay
game_peg_load_with_cb	62	38	game	ui
traffic_disable_drawbridge_area	61	1	traffic	gameplay
notoriety_set_max	61	18	notoriety	gameplay
vehicle_speed_override	59	15	vehicle	gameplay
fade_in	58	27	fade	gameplay
audio_persona_remove_2d	57	36	audio	gameplay
audio_persona_load_2d	57	38	audio	gameplay
set_unjackable_flag	55	22	set	gameplay
guardian_angel_unregister_script_group	53	2	guardian	gameplay
audio_ambient_emitter_stop	53	21	audio	gameplay
audio_ambient_emitter_start	53	22	audio	gameplay
notoriety_set	52	17	notoriety	gameplay
mesh_mover_hide	52	22	mesh	gameplay
effect_play	52	15	effect	gameplay
audio_play_persona_line_2d	52	25	audio	gameplay
player_controls_enable	50	12	player	gameplay
guardian_angel_register_script_group	50	2	guardian	gameplay
player_movement_enable	49	12	player	gameplay
explosion_create	49	14	explosion	gameplay
vint_set_mouse_cursor	48	13	vint	ui
set_ped_density	48	12	set	gameplay
character_exists	48	17	character	gameplay
vehicle_max_speed	47	13	vehicle	gameplay
set_attack_player_flag	46	10	set	gameplay
audio_stop	46	21	audio	gameplay
set_animation_state	45	17	set	gameplay
notoriety_force_no_spawn_group	45	6	notoriety	gameplay
zscene_prep	44	27	zscene	gameplay
notoriety_set_min	44	13	notoriety	gameplay
vehicle_detonate	43	15	vehicle	gameplay
mission_end_success	43	38	mission	gameplay
get_max_hit_points	43	18	get	gameplay
teleport_vehicle	42	19	teleport	gameplay
mesh_mover_reset	42	11	mesh	gameplay
hud_timer_stop	42	16	hud	gameplay
hud_bar_set_value	42	14	hud	gameplay
human_is_downed	41	15	human	gameplay
hud_prompt_clear	41	9	hud	gameplay
spawning_pedestrians	40	14	spawning	gameplay
set_dont_attack_me_on_sight_flag	40	21	set	gameplay
helicopter_set_path_orientation	40	11	helicopter	gameplay
character_show	40	15	character	gameplay
inv_weapon_disable_all_slots	39	21	inv	gameplay
hud_bar_off	39	14	hud	gameplay
set_traffic_density	38	11	set	gameplay
push_screen	38	16	push	ui
on_mover_destroyed	38	11	on	gameplay
door_close	38	11	door	gameplay
set_script_animation_state	37	7	set	gameplay
mesh_mover_show	37	15	mesh	gameplay
game_audio_get_audio_id	37	11	game	ui
character_ragdoll_set_last_resort_position	37	13	character	gameplay
audio_remove_mission_cellphone	37	23	audio	gameplay
audio_conversation_load_direct	37	28	audio	gameplay
spawning_vehicles	36	14	spawning	gameplay
npc_suppress_persona	36	12	npc	gameplay
character_prevent_explosion_fling	36	14	character	gameplay
action_play_is_finished	36	14	action	gameplay
player_controls_disable	35	9	player	gameplay
notoriety_reset	35	15	notoriety	gameplay
waypoint_remove	34	20	waypoint	gameplay
on_detection	34	8	on	gameplay
hud_timer_set	34	15	hud	gameplay
camera_restrict_set_active	34	7	camera	gameplay
audio_is_playing	34	18	audio	gameplay
ai_clear_scripted_action	34	13	ai	gameplay
player_movement_disable	33	12	player	gameplay
notoriety_set_can_decay	33	12	notoriety	gameplay
character_prevent_bumping	33	13	character	gameplay
vehicle_exists	32	13	vehicle	gameplay
tutorial_start	32	17	tutorial	gameplay
hud_bar_on	32	14	hud	gameplay
vehicle_pathfind_check_done	31	13	vehicle	gameplay
hud_set_fake_notoriety	31	9	hud	gameplay
character_is_ready	31	16	character	gameplay
ai_scripted_action_is_complete	31	12	ai	gameplay
vehicle_infinite_mass	30	16	vehicle	gameplay
mission_end_to_activity	30	21	mission	gameplay
game_get_is_host	30	6	game	ui
mission_set_cancel_warp_location	29	24	mission	gameplay
character_set_never_catch_fire	29	7	character	gameplay
audio_persona_line_playing	29	13	audio	gameplay
ai_set_action_delay	29	8	ai	gameplay
set_current_hit_points	28	12	set	gameplay
human_gravity_enable	28	6	human	gameplay
hud_critical_timer_stop	28	9	hud	gameplay
audio_play_for_mission_cellphone	28	23	audio	gameplay
vint_options_remap_set_key_binding	27	27	vint	ui
store_set_camera_pos	27	9	store	ui
inv_item_remove_all	27	11	inv	gameplay
character_set_skydiving_state	27	2	character	gameplay
character_hide	27	11	character	gameplay
vehicle_set_smoke_and_fire_state	26	9	vehicle	gameplay
set_always_sees_player_flag	26	5	set	gameplay
inv_weapon_disable_all_but_this_slot	26	17	inv	gameplay
get_char_vehicle_name	26	12	get	gameplay
effect_play_on_script_object	26	8	effect	gameplay
helicopter_fly_to_do	25	15	helicopter	gameplay
effect_play_on_human	25	7	effect	gameplay
character_set_skydiving	25	2	character	gameplay
vehicle_get_driver	24	8	vehicle	gameplay
pcr_mark_changed	24	2	pcr	ui
on_vehicle_exit	24	7	on	gameplay
inv_weapon_disable_slot	24	8	inv	gameplay
guardian_angel_increment_node_progress	24	2	guardian	gameplay
vehicle_show	23	11	vehicle	gameplay
traffic_disable_lanes	23	10	traffic	gameplay
radio_block	23	13	radio	gameplay
pause_menu_accept_options	23	15	pause	ui
vehicle_set_invulnerable	22	8	vehicle	gameplay
vehicle_prevent_explosion_fling	22	9	vehicle	gameplay
pcr_apply_morph_value	22	2	pcr	ui
camera_restrict_target_object	22	6	camera	gameplay
store_common_mouse_zoom	21	9	store	ui
pcr_is_plastic_surgeon	21	2	pcr	ui
waypoint_add	20	10	waypoint	gameplay
get_current_hit_points	20	11	get	gameplay
vehicle_freeze	19	10	vehicle	gameplay
set_player_can_enter_exit_rc_vehicles	19	1	set	gameplay
player_parachute_wear_backpack	19	5	player	gameplay
persona_override_persona_stop	19	5	persona	gameplay
action_play_synced_state	19	7	action	gameplay
vehicle_disable_chase	18	9	vehicle	gameplay
set_players_can_be_downed	18	4	set	gameplay
set_player_can_take_human_shields	18	3	set	gameplay
player_human_shield_lock	18	5	player	gameplay
on_mover_enter_water	18	4	on	gameplay
on_ai_do_action_complete	18	3	on	gameplay
mission_set_excluded_reward	18	8	mission	gameplay
mesh_mover_set_invulnerable	18	7	mesh	gameplay
mesh_mover_kill	18	7	mesh	gameplay
horde_mode_is_active	18	4	horde	ui
helicopter_shoot_navpoint	18	4	helicopter	gameplay
customization_item_wear	18	6	customization	gameplay
customization_item_revert	18	14	customization	gameplay
vehicle_set_keyframed_physics	17	9	vehicle	gameplay
vehicle_hide	17	11	vehicle	gameplay
persona_override_persona_start	17	5	persona	gameplay
party_dismiss_all	17	17	party	gameplay
helicopter_shoot_human	17	8	helicopter	gameplay
drug_effect_set_override_values	17	5	drug	gameplay
debris_flow_set_active	17	2	debris	gameplay
camera_restrict_set_limits	17	6	camera	gameplay
audio_conversation_playing	17	13	audio	gameplay
zscene_is_loaded	16	12	zscene	gameplay
vehicle_speed_cancel	16	7	vehicle	gameplay
vehicle_disable_flee	16	8	vehicle	gameplay
set_cant_flee_flag	16	6	set	gameplay
set_behavior_set	16	7	set	gameplay
roadblocks_enable	16	6	roadblocks	gameplay
player_script_controlled_clear	16	8	player	gameplay
pcu_is_streaming_done	16	5	pcu	ui
pcr_get_morph_value	16	2	pcr	ui
on_vehicle_enter_water	16	7	on	gameplay
object_indicator_add_objective_text	16	8	object	gameplay
notoriety_spawn_group_set_delay	16	2	notoriety	gameplay
hud_prompt	16	9	hud	gameplay
customization_outfit_wear	16	8	customization	gameplay
character_set_no_explosive_panic	16	6	character	gameplay
character_ragdoll_clear_last_resort_position	16	13	character	gameplay
ai_scripted_action_is_processing	16	10	ai	gameplay
vehicle_ignore_repulsors	15	9	vehicle	gameplay
spawn_region_toggle_filter	15	4	spawn	gameplay
refraction_situation_set	15	5	refraction	gameplay
npc_revive	15	7	npc	gameplay
hud_timer_hide	15	6	hud	gameplay
hud_critical_timer_set	15	9	hud	gameplay
game_audio_stop	15	7	game	ui
character_has_specific_human_shield	15	5	character	gameplay
camera_shake_play	15	5	camera	gameplay
camera_end_look_through	15	8	camera	gameplay
action_nodes_enable	15	6	action	gameplay
set_team	14	10	set	gameplay
set_min_hit_points	14	5	set	gameplay
set_max_hit_points	14	10	set	gameplay
on_qte_animation_trigger	14	4	on	gameplay
inv_item_in_slot	14	8	inv	gameplay
hud_achievement_show_progress	14	6	hud	gameplay
helicopter_set_max_bank_angle	14	9	helicopter	gameplay
get_localized_crc_for_tag	14	1	get	ui
crib_disable_interface	14	5	crib	gameplay
character_ragdoll_set_last_valid_position	14	3	character	gameplay
character_collision_enable	14	1	character	gameplay
ai_set_personality	14	6	ai	gameplay
vehicle_suppress_flipping	13	9	vehicle	gameplay
vehicle_set_script_hard_goto	13	7	vehicle	gameplay
vehicle_set_crazy	13	7	vehicle	gameplay
set_perfect_aim	13	4	set	gameplay
set_civilians_flee	13	5	set	gameplay
set_attack_enemies_flag	13	7	set	gameplay
player_force_vehicle_seat	13	5	player	gameplay
on_human_killed	13	4	on	gameplay
mesh_mover_destroyed	13	8	mesh	gameplay
game_award_respect	13	8	game	ui
character_set_persona	13	5	character	gameplay
character_set_never_fall	13	4	character	gameplay
character_set_attack_multiplier	13	2	character	gameplay
character_ragdoll	13	8	character	gameplay
character_add_prop	13	3	character	gameplay
camera_shake_stop	13	6	camera	gameplay
camera_shake_play_looping	13	6	camera	gameplay
ai_attack_region	13	11	ai	gameplay
vehicle_prevent_transition_to_ambient	12	7	vehicle	gameplay
tutorial_stop	12	5	tutorial	gameplay
set_stag_active	12	7	set	gameplay
set_cant_cower_flag	12	5	set	gameplay
persona_set_global_situation_override	12	7	persona	gameplay
persona_set_dlc_bundle	12	6	persona	gameplay
pcr_change_hair	12	4	pcr	ui
pcr_change_composite	12	4	pcr	ui
mission_autosave	12	12	mission	gameplay
main_menu_supress_profile_change	12	3	main	ui
light_group_set_intensity	12	3	light	gameplay
inv_item_remove	12	5	inv	gameplay
hud_display_set_element	12	6	hud	gameplay
helicopter_enter_retreat	12	6	helicopter	gameplay
game_get_language	12	11	game	ui
door_is_open	12	7	door	gameplay
dlc_gis_film_grain_unload	12	3	dlc	gameplay
difficulty_get_level	12	1	difficulty	gameplay
completion_cutscene_was_active	12	4	completion	ui
character_set_damage_multiplier	12	4	character	gameplay
vehicle_anim_start	11	3	vehicle	gameplay
sidewalk_disable_nodes	11	5	sidewalk	gameplay
set_always_cower_flag	11	5	set	gameplay
refraction_situation_clear	11	5	refraction	gameplay
qte_cleanup	11	8	qte	gameplay
persona_clear_global_situation_override	11	7	persona	gameplay
pcr_get_player_preset	11	2	pcr	ui
pause_menu_control_scheme_init	11	3	pause	ui
on_weapon_pickup	11	1	on	gameplay
mission_unlock	11	7	mission	gameplay
mission_set_completed	11	11	mission	gameplay
message	11	7	message	gameplay
hud_display_remove_state	11	6	hud	gameplay
follower_remain_in_car	11	6	follower	gameplay
character_is_ragdolled	11	6	character	gameplay
vehicle_skydiving_start	10	2	vehicle	gameplay
vehicle_is_tank	10	4	vehicle	gameplay
teleport_check_done	10	4	teleport	gameplay
skydive_set_player_dive_fall_speed	10	2	skydive	gameplay
set_unenterable_for_player	10	2	set	gameplay
set_player_undercover_team	10	2	set	gameplay
player_actions_enable	10	3	player	gameplay
pause_menu_restore_defaults	10	10	pause	ui
npc_leash_to_object	10	5	npc	gameplay
mission_end_silently	10	10	mission	gameplay
hud_display_create_state	10	6	hud	gameplay
hud_display_commit_state	10	6	hud	gameplay
game_choice_set_state	10	4	game	gameplay
dlc_achievement_counter_set	10	5	dlc	gameplay
completion_load_lut	10	5	completion	ui
character_parachute_detach	10	2	character	gameplay
cash_add	10	3	cash	gameplay
boss_battle_matt_set_matt_flying	10	1	boss	gameplay
ai_do_scripted_take_cover	10	7	ai	gameplay
action_stop_synced_state	10	7	action	gameplay
action_play_synced_is_finished	10	3	action	gameplay
store_common_bg_anim_complete	9	9	store	ui
spawn_override_change_hood_alternate_spawning	9	3	spawn	gameplay
shop_ignore_clerk	9	4	shop	gameplay
set_animation_set	9	2	set	gameplay
player_release_human_shield	9	8	player	gameplay
player_is_rc_driver	9	1	player	gameplay
pause_menu_update_option	9	9	pause	ui
on_incapacitated	9	2	on	gameplay
notoriety_force_no_air_spawn	9	4	notoriety	gameplay
helicopters_set_jitter_override	9	4	helicopters	gameplay
group_members_alive	9	5	group	gameplay
flashpoints_enable	9	4	flashpoints	gameplay
dialog_box_disconnect	9	9	dialog	ui
character_set_immune_to_explosion_vomit	9	5	character	gameplay
character_set_always_combat_ready	9	3	character	gameplay
character_make_priority_target	9	3	character	gameplay
character_is_player	9	4	character	gameplay
vehicle_set_team	8	3	vehicle	gameplay
vehicle_set_ignore_rail_obstacles	8	5	vehicle	gameplay
tutorial_set_hud_help_closing	8	2	tutorial	ui
store_weapon_hide_weapon	8	2	store	ui
set_suppress_synced_attacks_flag	8	2	set	gameplay
reticle_override_clear	8	2	reticle	gameplay
radio_global_block	8	4	radio	gameplay
player_grenades_enable	8	7	player	gameplay
player_can_sprint	8	3	player	gameplay
player_actions_disable	8	3	player	gameplay
pcu_set_active_category	8	2	pcu	ui
pcu_clear_preview_slot	8	2	pcu	ui
pcr_set_triangle_cursor_pos	8	2	pcr	ui
pcr_set_random_composite	8	2	pcr	ui
pcr_report_composite_items	8	4	pcr	ui
party_set_recruitable	8	4	party	gameplay
parking_spot_disable_all	8	1	parking	gameplay
online_validator_set_checking	8	1	online	ui
on_purchase	8	2	on	gameplay
on_collision	8	2	on	gameplay
npc_use_closest_action_node_of_type	8	4	npc	gameplay
notoriety_set_override_timer	8	2	notoriety	gameplay
inv_item_remove_in_slot	8	2	inv	gameplay
ingame_effect_add_trigger	8	3	ingame	gameplay
hud_push_screen	8	5	hud	gameplay
game_interface_effect_begin	8	2	game	ui
continuous_explosion_avoid_object_add	8	2	continuous	gameplay
character_set_only_player_grabs	8	4	character	gameplay
character_disable_revival	8	2	character	gameplay
vehicle_set_allow_ram_ped	7	5	vehicle	gameplay
vehicle_exit_do	7	3	vehicle	gameplay
vehicle_anim_finished	7	4	vehicle	gameplay
trigger_get_radius	7	3	trigger	gameplay
spawning_allow_cop_ambient_spawns	7	3	spawning	gameplay
set_script_animation_group	7	1	set	gameplay
set_force_combat_ready_team	7	4	set	gameplay
player_grenades_disable	7	7	player	gameplay
on_weapon_equip	7	2	on	gameplay
on_revived	7	3	on	gameplay
on_door_opened	7	3	on	gameplay
npc_refire_rate_override	7	2	npc	gameplay
npc_hearing_enable	7	3	npc	gameplay
move_to_do	7	3	move	gameplay
inv_item_equip_slot	7	4	inv	gameplay
get_char_vehicle_type	7	4	get	gameplay
game_get_party_member_count	7	3	game	ui
game_coop_get_starting_coop	7	1	game	ui
drug_effect_clear_override_values	7	4	drug	gameplay
character_is_in_a_driver_seat	7	3	character	gameplay
change_mission_enemy_team	7	1	change	gameplay
action_stop_custom	7	3	action	gameplay
vehicle_skydiving_move_to_do	6	1	vehicle	gameplay
vehicle_prevent_vehicle_collision_damage	6	3	vehicle	gameplay
vehicle_pathfind_navmesh_do	6	5	vehicle	gameplay
vehicle_make_corpse	6	2	vehicle	gameplay
vehicle_enter_check_done	6	3	vehicle	gameplay
vcust_revert_color	6	1	vcust	ui
vcust_preview_component	6	1	vcust	ui
teleport_to_object	6	3	teleport	gameplay
teleport_player_vehicles	6	5	teleport	gameplay
spotlight_heli_laser_enable	6	1	spotlight	gameplay
roadblocks_ambient_traffic_enable	6	3	roadblocks	gameplay
pcu_set_slot_info	6	4	pcu	ui
pcu_get_slot_info	6	4	pcu	ui
pcr_set_anim	6	2	pcr	ui
pcr_change_skin_color	6	2	pcr	ui
pcr_change_eye_color	6	2	pcr	ui
party_set_dismissable	6	4	party	gameplay
party_allow_max_followers	6	3	party	gameplay
on_projectile_hit	6	2	on	gameplay
on_near_crash	6	1	on	gameplay
npc_dont_drop_weapon_on_death	6	5	npc	gameplay
notoriety_spawn_only_air	6	4	notoriety	gameplay
notoriety_restricted_zones_enable	6	3	notoriety	gameplay
move_to_check_done	6	3	move	gameplay
main_menu_check_user_content	6	6	main	ui
is_rappelling	6	2	is	gameplay
ingame_effect_remove_trigger	6	2	ingame	gameplay
group_create_check_done	6	4	group	gameplay
get_vehicle_type	6	5	get	gameplay
game_lobby_get_remote_player_name	6	1	game	ui
game_audio_play	6	6	game	ui
dlc_gis_film_grain_load	6	3	dlc	gameplay
debris_flow_add_object	6	2	debris	gameplay
cower	6	5	cower	gameplay
continuous_spawn_set_orders	6	4	continuous	gameplay
continuous_explosion_stop	6	2	continuous	gameplay
check_animation_state	6	2	check	gameplay
character_release_human_shield	6	2	character	gameplay
cellphone_choose_vehicle	6	2	cellphone	ui
boss_battle_kb_enable_crowd_props	6	1	boss	gameplay
base_jumping_enable	6	3	base	gameplay
action_play_do	6	4	action	gameplay
wind_override_set	5	2	wind	gameplay
vehicle_set_vulnerable	5	3	vehicle	gameplay
vehicle_repair	5	3	vehicle	gameplay
vehicle_car_alarm_enable	5	4	vehicle	gameplay
tutorial_vehicle_controls_enabled	5	1	tutorial	gameplay
tutorial_active	5	1	tutorial	gameplay
team_make_allies	5	3	team	gameplay
skydive_set_catching_shaundi	5	1	skydive	gameplay
reticle_override_set	5	2	reticle	gameplay
qte_start	5	4	qte	gameplay
player_warp_to_shore_enable	5	2	player	gameplay
persona_suppress_ambient_lines	5	2	persona	gameplay
pause_menu_quit_game_internal	5	3	pause	ui
on_pickup	5	2	on	gameplay
mission_set_enemy_team	5	1	mission	gameplay
mission_is_complete	5	3	mission	gameplay
light_group_use_intensity	5	2	light	gameplay
inv_item_is_equipped	5	3	inv	gameplay
inv_item_get_equipped_item	5	3	inv	gameplay
inv_has_item	5	2	inv	gameplay
interior_disable_exterior	5	2	interior	gameplay
human_skydive_create_npc_backpack	5	1	human	gameplay
human_enter_downed	5	4	human	gameplay
hud_timer_get_remainder	5	5	hud	gameplay
get_team	5	4	get	gameplay
get_object_pos	5	3	get	gameplay
game_vkeyboard_input	5	5	game	ui
game_use_radial_menu_item	5	5	game	ui
game_set_equipped_grenade	5	5	game	ui
game_is_syslink	5	2	game	ui
dlc_achievement_counter_get	5	5	dlc	gameplay
completion_screen_finished	5	5	completion	ui
character_set_only_scripted_grabs	5	3	character	gameplay
character_set_counter_on_grabbed_by_player	5	3	character	gameplay
character_is_jumping	5	5	character	gameplay
character_ignite	5	5	character	gameplay
character_has_human_shield	5	4	character	gameplay
character_disable_human_downed_interactions	5	1	character	gameplay
character_damage	5	3	character	gameplay
boss_battle_matt_cheats_stop	5	1	boss	gameplay
bink_play	5	3	bink	gameplay
Completion_get_other_player_name	5	5	Completion	ui
wind_override_clear	4	2	wind	gameplay
wander_start	4	4	wander	gameplay
vehicle_spotlight_cancel	4	1	vehicle	gameplay
vehicle_set_explosion_damage_multiplier	4	3	vehicle	gameplay
vehicle_in_water	4	4	vehicle	gameplay
vehicle_get_smoke_and_fire_state	4	4	vehicle	gameplay
vehicle_exit_check_done	4	1	vehicle	gameplay
vehicle_enable_physics	4	2	vehicle	gameplay
vcust_is_camera_tool_mode	4	3	vcust	ui
tutorial_unlock	4	3	tutorial	gameplay
tutorial_queued	4	1	tutorial	gameplay
trigger_type_enable	4	2	trigger	gameplay
trigger_set_hold_to_repeat	4	2	trigger	gameplay
store_weapon_purchase_weapon	4	2	store	ui
store_dlc_make_purchase	4	2	store	ui
skydive_set_elev_angles_deg	4	2	skydive	gameplay
sfx_faded_out	4	1	sfx	ui
set_suppress_synced_melee_attacks_flag	4	2	set	gameplay
radio_newsbreak	4	2	radio	gameplay
player_supress_falling_scream	4	2	player	gameplay
player_super_powered	4	1	player	gameplay
pcu_wear_current_clothing	4	2	pcu	ui
pcu_report_item_colors	4	4	pcu	ui
pcu_get_categories_in_area	4	2	pcu	ui
pcu_get_areas	4	2	pcu	ui
pcu_discard_slot	4	2	pcu	ui
pcr_strip_clothing	4	2	pcr	ui
pcr_set_voice	4	2	pcr	ui
pcr_restore_clothing	4	2	pcr	ui
pcr_report_composite_colors	4	4	pcr	ui
pcr_report_avail_morphs	4	2	pcr	ui
pcr_preview_anim	4	2	pcr	ui
pcr_get_hair_info	4	4	pcr	ui
pcr_get_composite_info	4	4	pcr	ui
pcr_apply_preset	4	2	pcr	ui
on_wieldable_prop_destroy	4	1	on	gameplay
on_taunt	4	1	on	gameplay
on_random_obj_killed_do	4	1	on	gameplay
on_notoriety_event	4	1	on	gameplay
on_hud_screen_exit	4	1	on	gameplay
on_character_grabbed	4	2	on	gameplay
npc_weapon_spread	4	4	npc	gameplay
npc_unholster_best_weapon	4	1	npc	gameplay
npc_drop_grenades	4	3	npc	gameplay
notoriety_spawn_group_set_destination	4	2	notoriety	gameplay
notoriety_spawn_group_clear_destination	4	2	notoriety	gameplay
mission_store_purchased	4	1	mission	gameplay
mission_set_next_mission	4	4	mission	gameplay
message_remove_all	4	1	message	gameplay
mesh_mover_update_control	4	1	mesh	gameplay
main_menu_redeem_code	4	4	main	ui
item_hide	4	3	item	gameplay
inv_item_is_firearm_equipped	4	2	inv	gameplay
human_set_force_holster	4	1	human	gameplay
human_set_always_sprint	4	2	human	gameplay
human_riding_trigger_end	4	1	human	gameplay
hud_inventory_disable	4	1	hud	gameplay
hud_critical_timer_get_remainder	4	1	hud	gameplay
helicopter_go_to_set_target	4	3	helicopter	gameplay
helicopter_fly_to_stop	4	4	helicopter	gameplay
group_destroy_do	4	1	group	gameplay
get_char_in_vehicle	4	3	get	gameplay
garage_get_repair_cost	4	1	garage	ui
game_stop_find_syslink_servers	4	2	game	ui
game_letterbox_fade_out	4	4	game	ui
game_is_connected_to_service	4	3	game	ui
game_interface_effect_end	4	2	game	ui
game_hud_update_inventory	4	4	game	ui
game_choice_get_state	4	3	game	gameplay
game_check_coop_dlc	4	3	game	ui
game_award_cash	4	3	game	ui
force_ai_mode_check_done	4	1	force	gameplay
dialog_open_pause_display	4	4	dialog	ui
dialog_box_set_result	4	2	dialog	ui
debris_flow_destroy	4	2	debris	gameplay
debris_flow_create	4	2	debris	gameplay
debris_flow_add_avoid_object	4	2	debris	gameplay
crib_has_garage_with_vehicles_of_type	4	1	crib	ui
continuous_explosion_follow_target_add	4	2	continuous	gameplay
completion_cutscene_was_skipped	4	4	completion	ui
completion_credits_were_active	4	4	completion	ui
completion_camera_shake	4	4	completion	ui
check_script_animation_state	4	1	check	gameplay
character_set_combat_ready	4	4	character	gameplay
character_set_can_take_human_shield	4	2	character	gameplay
character_playing_combat_move	4	3	character	gameplay
character_is_released	4	2	character	gameplay
character_dont_regenerate	4	1	character	gameplay
character_clear_combat_move	4	4	character	gameplay
cell_is_mission_complete	4	3	cell	ui
boss_battle_matt_set_player_as_avatar	4	1	boss	gameplay
boss_battle_matt_hide_wings	4	1	boss	gameplay
auto_pickup_enable	4	2	auto	gameplay
audio_ambient_emitter_resume	4	1	audio	gameplay
audio_ambient_emitter_pause	4	1	audio	gameplay
ai_suggest_action	4	3	ai	gameplay
ai_do_scripted_advance	4	3	ai	gameplay
Completion_user_is_done_viewing	4	4	Completion	ui
Completion_should_wait_for_coop	4	4	Completion	ui
vehicle_stop_do	3	3	vehicle	gameplay
vehicle_set_special_override_never_ghost	3	2	vehicle	gameplay
vehicle_set_malfunctioning	3	1	vehicle	gameplay
vehicle_set_invulnerable_to_player_explosives	3	3	vehicle	gameplay
vehicle_set_2d_tank_controls	3	1	vehicle	gameplay
vehicle_rc_get_signal_strength	3	1	vehicle	gameplay
vehicle_pathfind_to_do	3	3	vehicle	gameplay
vehicle_is_vtol	3	3	vehicle	gameplay
vehicle_exit_group_do	3	1	vehicle	gameplay
vehicle_exit_group_check_done	3	1	vehicle	gameplay
vehicle_disable_explosion_and_damage_vfx	3	2	vehicle	gameplay
vehicle_component_detach	3	1	vehicle	gameplay
vehicle_clear_all_radio_locks	3	2	vehicle	gameplay
vcust_set_camera_pos	3	3	vcust	ui
turn_to_do	3	2	turn	gameplay
teleport_vehicle_to_object	3	1	teleport	gameplay
team_make_unfriendly	3	1	team	gameplay
store_vehicle_get_state	3	1	store	ui
store_interface_is_active	3	2	store	gameplay
spawn_region_max_spawn_dist_reset	3	3	spawn	gameplay
spawn_region_max_spawn_dist	3	3	spawn	gameplay
skydive_setup_tank_bailout	3	1	skydive	gameplay
shop_enable_nearest	3	1	shop	gameplay
set_trailing_aim_flag	3	2	set	gameplay
set_time_of_day	3	3	set	gameplay
set_seatbelt_flag	3	3	set	gameplay
set_ped_override_density	3	1	set	gameplay
set_never_turn_on_player	3	2	set	gameplay
satellite_weapon_mode_exit	3	2	satellite	gameplay
radio_set_station	3	1	radio	gameplay
qte_human_is_used	3	2	qte	gameplay
player_warp_to_shore_disable	3	2	player	gameplay
player_revive	3	1	player	gameplay
pause_menu_has_seen_display_cal_screen	3	3	pause	ui
pause_map_tutorial_mode	3	1	pause	gameplay
party_add_do	3	1	party	gameplay
object_indicator_remove_do	3	1	object	gameplay
object_indicator_add_do	3	1	object	gameplay
object_destroy	3	2	object	gameplay
npc_is_in_party	3	3	npc	gameplay
npc_go_idle	3	2	npc	gameplay
msn_text_adventure_set_screen	3	1	msn	ui
minimap_icon_remove_do	3	1	minimap	gameplay
minimap_icon_add_do	3	1	minimap	gameplay
item_show	3	3	item	gameplay
item_anim_play	3	1	item	gameplay
horde_results_set_end_action	3	1	horde	ui
helicopter_shoot_vehicle	3	2	helicopter	gameplay
helicopter_set_dont_death_spiral	3	1	helicopter	gameplay
helicopter_fly_to_set_goal_direction	3	2	helicopter	gameplay
hdr_bloom_set_multiplier	3	1	hdr	gameplay
guardian_angel_enable_indicators	3	1	guardian	gameplay
group_get_next_npc	3	3	group	gameplay
group_get_first_npc	3	3	group	gameplay
get_num_humans_in_trigger	3	2	get	gameplay
get_char_vehicle_is_in_air	3	3	get	gameplay
garage_preview_vehicle	3	1	garage	ui
game_sign_into_network	3	1	game	ui
game_show_coop_gamercard	3	3	game	ui
game_set_coop_friendly_fire	3	2	game	ui
game_send_pause_menu_player_invite	3	3	game	ui
game_send_party_invites	3	3	game	ui
game_main_menu_join_friend_in_progress	3	3	game	ui
game_lobby_coop_finished	3	1	game	ui
game_is_signed_in	3	2	game	ui
game_is_connected_to_network	3	3	game	ui
game_get_in_progress_type	3	2	game	ui
game_get_coop_friendly_fire	3	2	game	ui
game_coop_start_new_syslink	3	2	game	ui
game_coop_start_new_live	3	2	game	ui
game_can_send_player_invite	3	3	game	ui
game_autosave	3	3	game	ui
effect_play_finisher	3	2	effect	gameplay
dlc3_m03_set_sprint_waning	3	1	dlc3	gameplay
dialog_box_force_close	3	3	dialog	ui
debris_flow_recycle_object	3	1	debris	gameplay
customization_restore_player_rig	3	2	customization	gameplay
crib_weapon_add_enable	3	3	crib	gameplay
crib_weapon_add_disable	3	3	crib	gameplay
crib_unlock_strongold	3	1	crib	gameplay
continuous_explosion_start	3	2	continuous	gameplay
clear_callbacks_for_obj	3	3	clear	gameplay
city_zone_swap_is_active	3	3	city	gameplay
character_set_counter_on_grabbed	3	1	character	gameplay
character_remove_child_item_by_name	3	3	character	gameplay
character_get_gender	3	1	character	gameplay
character_evacuate_from_all_vehicles	3	1	character	gameplay
cellphone_animate_start_do	3	1	cellphone	gameplay
cat_mouse_results_select	3	1	cat	ui
boss_battle_matt_get_cheat	3	1	boss	gameplay
boss_battle_matt_cheats_start	3	1	boss	gameplay
boss_battle_matt_begin	3	1	boss	gameplay
auto_pickup_disable	3	2	auto	gameplay
audio_set_listener_override	3	2	audio	gameplay
audio_play_for_navpoint	3	1	audio	gameplay
audio_clear_listener_override	3	2	audio	gameplay
audio_any_conversation_playing	3	3	audio	gameplay
ai_set_in_scripted_cover	3	1	ai	gameplay
ai_pay_attention_to_position	3	1	ai	gameplay
ai_do_scripted_rush	3	3	ai	gameplay
ai_clear_priority_target	3	2	ai	gameplay
action_sequence_end	3	2	action	gameplay
action_play_synced_do	3	2	action	gameplay
action_play_directional_stumble_do	3	2	action	gameplay
Completion_is_client	3	3	Completion	ui
waiting_for_player_dialog	2	1	waiting	gameplay
vehicle_spotlight_is_target_spotted	2	1	vehicle	gameplay
vehicle_set_weapons_disarmed	2	2	vehicle	gameplay
vehicle_set_sirenlights	2	1	vehicle	gameplay
vehicle_set_no_chase	2	1	vehicle	gameplay
vehicle_set_kneecappers	2	1	vehicle	gameplay
vehicle_set_ambient	2	2	vehicle	gameplay
vehicle_never_flatten_tires	2	2	vehicle	gameplay
vehicle_is_vtol_jet	2	1	vehicle	gameplay
vehicle_is_vtol_hover	2	1	vehicle	gameplay
vehicle_is_ready	2	1	vehicle	gameplay
vehicle_is_helicopter	2	2	vehicle	gameplay
vehicle_hidden	2	2	vehicle	gameplay
vehicle_forced_corpse_removal_enabled	2	1	vehicle	gameplay
vehicle_exit_guardian_angel	2	1	vehicle	gameplay
vehicle_enter_guardian_angel	2	1	vehicle	gameplay
vehicle_enter_group_do	2	1	vehicle	gameplay
vehicle_enter_group_check_done	2	1	vehicle	gameplay
vehicle_enter_do	2	1	vehicle	gameplay
vehicle_engine_start	2	1	vehicle	gameplay
vehicle_engine_check_running	2	1	vehicle	gameplay
vehicle_disable_weapon_physics	2	1	vehicle	gameplay
vehicle_delete_all_corpses	2	1	vehicle	gameplay
vehicle_anim_playing	2	2	vehicle	gameplay
vcust_purchase_wheels	2	1	vcust	ui
vcust_preview_wheel_sizing	2	1	vcust	ui
vcust_preview_palette	2	1	vcust	ui
vcust_preview_color	2	1	vcust	ui
tutorial_visible	2	1	tutorial	gameplay
tutorial_get_case	2	1	tutorial	gameplay
team_make_hostile	2	1	team	gameplay
store_weapon_purchase_ammo	2	2	store	ui
store_weapon_process_post_bg_covered	2	2	store	ui
store_weapon_change_weapon	2	2	store	ui
store_vehicle_selection_should_lock_controls	2	1	store	ui
store_vehicle_retrieve_car_and_exit	2	1	store	ui
store_vehicle_change_mode	2	1	store	ui
store_gang_show_question_marks	2	1	store	ui
store_gallery_download_hide_list	2	1	store	ui
store_dlc_queue_icon	2	2	store	ui
store_dlc_is_offer_free	2	1	store	ui
store_common_rotate_mouse_drag	2	2	store	ui
store_clothing_get_store_id	2	2	store	ui
store_character_lineup_loaded	2	2	store	ui
spotlight_heli_laser_size	2	1	spotlight	gameplay
spawning_allow_gang_ambient_spawns	2	1	spawning	gameplay
spawn_region_enable_los	2	1	spawn	gameplay
skydive_move_to_do	2	2	skydive	gameplay
set_unrecruitable_flag	2	2	set	gameplay
set_unjackable_by_ai_flag	2	2	set	gameplay
set_stag_notoriety_area_active	2	1	set	gameplay
set_saints_hated	2	1	set	gameplay
set_cower_variant	2	2	set	gameplay
set_cops_shooting_from_vehicles	2	1	set	gameplay
save_system_save_game	2	1	save	ui
save_system_load_game	2	1	save	ui
save_system_cancel_coop_load	2	1	save	ui
roadblock_destroy	2	2	roadblock	gameplay
roadblock_create	2	2	roadblock	gameplay
rc_set_max_signal_range	2	1	rc	gameplay
rappel_exit	2	1	rappel	gameplay
rappel_enter	2	1	rappel	gameplay
radio_set_sing_along_allowed_during_missions	2	1	radio	gameplay
radio_get_station	2	1	radio	gameplay
projectile_fire_from_navpoint	2	2	projectile	gameplay
players_in_weird_camera_mode	2	1	players	gameplay
player_parachute_has_backpack	2	1	player	gameplay
player_override_set_sprint_recharge	2	2	player	gameplay
player_override_set_sprint_delay	2	2	player	gameplay
player_override_set_sprint	2	2	player	gameplay
player_override_clear_sprint_recharge	2	2	player	gameplay
player_override_clear_sprint_delay	2	2	player	gameplay
player_override_clear_sprint	2	2	player	gameplay
pcu_wear_store_outfit	2	2	pcu	ui
pcu_wear_outfit	2	2	pcu	ui
pcu_set_slots_empty	2	2	pcu	ui
pcu_report_outfits	2	2	pcu	ui
pcu_remove_clothing	2	2	pcu	ui
pcu_purchase_slot	2	2	pcu	ui
pcu_purchase_outfit	2	2	pcu	ui
pcu_is_underwear_category	2	2	pcu	ui
pcu_is_item_needed_for_outfit	2	2	pcu	ui
pcu_is_current_item_worn	2	2	pcu	ui
pcu_is_bra_category	2	2	pcu	ui
pcu_get_wear_options	2	2	pcu	ui
pcu_get_variants	2	2	pcu	ui
pcu_get_owned_item_info	2	2	pcu	ui
pcu_get_num_items_owned	2	2	pcu	ui
pcu_get_num_items_category	2	2	pcu	ui
pcu_get_items_in_category	2	2	pcu	ui
pcu_get_item_defaults	2	2	pcu	ui
pcu_delete_outfit	2	2	pcu	ui
pcu_create_outfit	2	2	pcu	ui
pcu_clear_obscured_slots	2	2	pcu	ui
pcu_clear_item_new	2	2	pcu	ui
pcu_category_nav_clear_slot	2	2	pcu	ui
pcu_can_create_outfit	2	2	pcu	ui
pcu_bra_required	2	2	pcu	ui
pcr_report_skin_colors	2	2	pcr	ui
pcr_report_hair_items	2	2	pcr	ui
pcr_report_hair_colors	2	2	pcr	ui
pcr_report_eye_colors	2	2	pcr	ui
pcr_report_anims	2	2	pcr	ui
pcr_randomize_eye_colors	2	2	pcr	ui
pcr_purchase_tattoo	2	2	pcr	ui
pcr_lips_randomize	2	2	pcr	ui
pcr_hair_randomize_all	2	2	pcr	ui
pcr_get_voice	2	2	pcr	ui
pcr_get_triangle_cursor_pos	2	2	pcr	ui
pcr_creation_complete	2	2	pcr	ui
pcr_cleanup_player_voice	2	2	pcr	ui
pcr_apply_regional_preset	2	2	pcr	ui
pcr_add_default_clothing	2	2	pcr	ui
pause_menu_change_control_scheme	2	2	pause	ui
pause_map_zoom	2	1	pause	ui
pause_map_set_gps	2	1	pause	ui
pause_map_add_bookmark	2	1	pause	ui
path_name_is_path	2	1	path	gameplay
party_use_melee_weapons_only	2	1	party	gameplay
parking_spot_set_max	2	2	parking	gameplay
parking_spot_reset_max	2	2	parking	gameplay
override_npc_run_and_cower_run	2	2	override	gameplay
open_vint_dialog_check_done	2	1	open	gameplay
on_vehicle_debris_flow_recycled	2	1	on	gameplay
on_mount	2	1	on	gameplay
on_m21_player_choice	2	1	on	gameplay
on_hit_ped	2	1	on	gameplay
on_dismount	2	1	on	gameplay
object_spawn_pause	2	1	object	gameplay
object_indicator_remove_script_group_do	2	1	object	gameplay
object_indicator_add_script_group_do	2	1	object	gameplay
npc_weapon_pickup_override	2	2	npc	gameplay
npc_detection_enable	2	2	npc	gameplay
npc_brute_always_throws	2	2	npc	gameplay
mission_help_table_do	2	1	mission	gameplay
mission_help_clear	2	1	mission	gameplay
mission_collectible_collected	2	1	mission	gameplay
mip_streaming_pause	2	1	mip	gameplay
minimap_icon_remove_script_group_do	2	1	minimap	gameplay
minimap_icon_add_script_group_do	2	1	minimap	gameplay
mesh_mover_set_damaged_by_player_only	2	2	mesh	gameplay
mesh_mover_ready	2	2	mesh	gameplay
mesh_mover_apply_impulse	2	1	mesh	gameplay
main_menu_set_coop_menu_type	2	1	main	ui
main_menu_new_game	2	2	main	ui
main_menu_horde_start	2	2	main	ui
inv_item_get_weapon_upgrades	2	2	inv	gameplay
inv_item_add_do	2	1	inv	gameplay
inv_item_add_ammo	2	2	inv	gameplay
human_has_taken_non_melee_damage_from_player	2	2	human	gameplay
hud_x_of_y_remove	2	1	hud	gameplay
hud_get_text_adventure_current_screen_index	2	1	hud	gameplay
hud_diversion_remove_callback	2	1	hud	ui
helicopter_set_dont_use_constraints	2	2	helicopter	gameplay
group_show_do	2	1	group	gameplay
group_is_loaded_internal	2	1	group	gameplay
group_hide_do	2	1	group	gameplay
get_vehicle_speed	2	2	get	gameplay
get_get_key_names_for_axis_action	2	1	get	ui
get_current_difficulty	2	2	get	ui
get_closest_npc_to_object	2	2	get	gameplay
get_char_skydiving_state	2	1	get	gameplay
garage_repair_vehicle	2	1	garage	ui
game_steam_open_overlay	2	2	game	ui
game_start_find_syslink_servers	2	2	game	ui
game_show_party_ui	2	2	game	ui
game_show_coop_partner_gamercard	2	2	game	ui
game_show_community_sessions_ui	2	2	game	ui
game_set_coop_join_type	2	2	game	ui
game_record_mode_is_supported	2	1	game	ui
game_record_mode_is_active	2	2	game	ui
game_machinima_playback_enter	2	2	game	ui
game_machinima_is_recording	2	1	game	ui
game_lobby_update_map_selection	2	1	game	ui
game_lobby_update_char_selection	2	1	game	ui
game_lobby_set_horde_mode_data	2	1	game	ui
game_lobby_get_local_player_name	2	1	game	ui
game_join_syslink_game	2	2	game	ui
game_is_pc_dx11	2	1	game	ui
game_is_local_player_in_vehicle	2	1	game	ui
game_is_joinable	2	1	game	ui
game_is_connected_to_internet	2	2	game	ui
game_is_autosaving	2	1	game	ui
game_hud_hide	2	1	game	ui
game_get_ps3_button_swap	2	1	game	ui
game_get_coop_join_type	2	2	game	ui
game_difficulty_select	2	2	game	ui
game_coop_kick_player	2	2	game	ui
game_coop_get_starting_syslink	2	1	game	ui
fov_check_xz_plane	2	1	fov	gameplay
flee_to_navpoint	2	2	flee	gameplay
flee	2	2	flee	gameplay
flashpoint_mission_status	2	1	flashpoint	gameplay
dialog_option_end_kbd_input	2	2	dialog	ui
dialog_option_accept_kbd_input	2	2	dialog	ui
dialog_close_finished	2	2	dialog	ui
dialog_box_set_current_option	2	2	dialog	ui
debris_flow_set_inactive	2	1	debris	gameplay
cutscene_was_skipped	2	1	cutscene	gameplay
cutscene_check_exiting	2	2	cutscene	gameplay
customization_swap_player_rig	2	2	customization	gameplay
cinema_editor_create_camera_zone	2	1	cinema	ui
character_take_human_shield_check_done	2	1	character	gameplay
character_set_cannot_exit_rc_vehicle	2	1	character	gameplay
character_hidden	2	1	character	gameplay
character_fake_revival_end	2	1	character	gameplay
cellphone_dial	2	2	cellphone	ui
cellphone_animate_stop_do	2	1	cellphone	gameplay
cell_camera_enable	2	1	cell	ui
camera_script_enable	2	2	camera	gameplay
camera_script_disable	2	2	camera	gameplay
boss_battle_mars_killbane_active	2	1	boss	gameplay
boss_battle_kb_enable	2	1	boss	gameplay
autil_hud_mayhem_init	2	2	autil	ui
audio_suppress_ambient_player_lines	2	1	audio	gameplay
ambient_gang_spawn_enable	2	1	ambient	gameplay
ambient_cop_spawn_enable	2	1	ambient	gameplay
ai_force_team_idle	2	2	ai	gameplay
action_sequence_setup	2	2	action	gameplay
action_sequence_is_playing	2	2	action	gameplay
action_sequence_advance	2	2	action	gameplay
action_nodes_shouldnt_flee	2	1	action	gameplay
action_nodes_restrict_spawning	2	1	action	gameplay
world_despawn_all_vehicles	1	1	world	gameplay
world_despawn_all_pedestrians	1	1	world	gameplay
whored_countdown_finished	1	1	whored	ui
waypoint_is_placed	1	1	waypoint	gameplay
vtol_flyby_animation_for_m18	1	1	vtol	gameplay
vint_options_remap_reset_bindings	1	1	vint	ui
vehicle_turret_base_to_do	1	1	vehicle	gameplay
vehicle_tire_indicators_alive	1	1	vehicle	gameplay
vehicle_set_use_short_cuts	1	1	vehicle	gameplay
vehicle_set_tire_durability	1	1	vehicle	gameplay
vehicle_set_tire_damage_multiplier	1	1	vehicle	gameplay
vehicle_set_sirens	1	1	vehicle	gameplay
vehicle_set_radio_controls_locked	1	1	vehicle	gameplay
vehicle_set_obey_traffic_lights	1	1	vehicle	gameplay
vehicle_set_npc_engine_audio	1	1	vehicle	gameplay
vehicle_set_kneecappers_damage	1	1	vehicle	gameplay
vehicle_lights_on	1	1	vehicle	gameplay
vehicle_is_invulnerable	1	1	vehicle	gameplay
vehicle_is_flipped	1	1	vehicle	gameplay
vehicle_in_air	1	1	vehicle	gameplay
vehicle_get_max_speed	1	1	vehicle	gameplay
vehicle_flee	1	1	vehicle	gameplay
vehicle_evacuate	1	1	vehicle	gameplay
vehicle_detonate_random_parked_car	1	1	vehicle	gameplay
vehicle_component_shatter_glass	1	1	vehicle	gameplay
vehicle_component_is_shattered	1	1	vehicle	gameplay
vehicle_allow_ownership_transfer	1	1	vehicle	gameplay
vcust_show_nos_hydraulic_warning	1	1	vcust	ui
vcust_set_underglow	1	1	vcust	ui
vcust_select_paint_slot	1	1	vcust	ui
vcust_purchase_performance_upgrade	1	1	vcust	ui
vcust_purchase_paint	1	1	vcust	ui
vcust_purchase_component	1	1	vcust	ui
vcust_preview_rim_sizing	1	1	vcust	ui
vcust_change_top_level_menu	1	1	vcust	ui
vcust_adjust_camera_angle	1	1	vcust	ui
vault_heli_hack_for_m01	1	1	vault	gameplay
tutorial_stop_current	1	1	tutorial	gameplay
tutorial_lock	1	1	tutorial	gameplay
turn_to_check_done	1	1	turn	gameplay
trigger_allow_dead_guys	1	1	trigger	gameplay
store_vehicle_notify_screen_covered	1	1	store	ui
store_vehicle_no_vehicle_exit	1	1	store	ui
store_vehicle_do_return_to_crib	1	1	store	ui
store_vehicle_allow_garage	1	1	store	ui
store_stronghold_upgrade_end_flyby	1	1	store	ui
store_stronghold_game_purchase_upgrade	1	1	store	ui
store_gang_is_unlocked	1	1	store	ui
store_gang_bg_covered	1	1	store	ui
store_gang_begin_exit	1	1	store	ui
store_gallery_upload_character	1	1	store	ui
store_gallery_download_show_list	1	1	store	ui
store_gallery_display_character	1	1	store	ui
store_crib_init_crib_garage	1	1	store	ui
squad_enable	1	1	squad	gameplay
spawning_boats	1	1	spawning	gameplay
spawn_region_min_spawn_dist_reset	1	1	spawn	gameplay
spawn_region_min_spawn_dist	1	1	spawn	gameplay
spawn_override_set_override_category_for_hood	1	1	spawn	gameplay
spawn_override_clear_override_for_hood	1	1	spawn	gameplay
spawn_global_override_set_category	1	1	spawn	gameplay
spawn_global_override_clear_category	1	1	spawn	gameplay
skydive_move_to_check_done	1	1	skydive	gameplay
shop_purchase_purchase_shop	1	1	shop	ui
sfx_use_load_images	1	1	sfx	ui
sfx_faded_in	1	1	sfx	ui
set_char_in_string	1	1	set	ui
set_attack_peds_flag	1	1	set	gameplay
screen_capture_preview_should_upload	1	1	screen	ui
sb_select_hitman_target	1	1	sb	ui
sb_select_chop_shop_vehicle	1	1	sb	ui
sb_saintsbook_is_available	1	1	sb	ui
save_system_set_operation	1	1	save	ui
save_system_delete_game	1	1	save	ui
save_system_change_device	1	1	save	ui
save_game_wrap_up	1	1	save	ui
satellite_weapon_mode_set	1	1	satellite	gameplay
radio_unblock	1	1	radio	gameplay
radio_set_sing_along_track	1	1	radio	gameplay
radio_newsbreak_clear	1	1	radio	gameplay
radio_clear_sing_along_track	1	1	radio	gameplay
qte_start_m02_skyqte_01	1	1	qte	gameplay
playlist_stop_track	1	1	playlist	ui
playlist_play_track	1	1	playlist	ui
players_naked	1	1	players	gameplay
player_take_human_shield_do	1	1	player	gameplay
player_names_get_all	1	1	player	gameplay
player_get_custom_voice	1	1	player	gameplay
player_action_is_pressed	1	1	player	gameplay
perform_killswitch	1	1	perform	gameplay
pause_menu_is_using_vehicle_southpaw_control_scheme	1	1	pause	ui
pause_menu_is_using_southpaw_control_scheme	1	1	pause	ui
pause_menu_horde_mode_retry	1	1	pause	ui
pause_menu_horde_mode_new	1	1	pause	ui
pause_menu_common_top_finished_loading	1	1	pause	ui
pause_menu_cat_mouse_active	1	1	pause	ui
pause_menu_cant_retry_because_host_in_creation	1	1	pause	ui
pause_map_stag_takeover_do_reward	1	1	pause	ui
pause_map_stag_current_district_control	1	1	pause	ui
pause_map_is_tutorial_mode	1	1	pause	ui
pause_map_is_stag_mode	1	1	pause	ui
pause_map_drag_map	1	1	pause	ui
party_dismiss_do	1	1	party	gameplay
options_display_pc_set_options	1	1	options	ui
open_vint_dialog_do	1	1	open	gameplay
object_indicator_init_lua	1	1	object	ui
npc_is_in_brute_grab_qte	1	1	npc	gameplay
npc_dont_auto_equip_or_unequip_weapons	1	1	npc	gameplay
npc_brute_set_no_downed_finisher	1	1	npc	gameplay
npc_aim_at_point	1	1	npc	gameplay
notoriety_get	1	1	notoriety	gameplay
msn_killbane_selected_option	1	1	msn	ui
mission_maybe_uncomplete_m22	1	1	mission	gameplay
minimap_icon_remove_radius_do	1	1	minimap	gameplay
minimap_icon_add_radius_do	1	1	minimap	gameplay
message_remove	1	1	message	gameplay
mesh_mover_reset_by_zone	1	1	mesh	gameplay
melee_get_move_id_from_name	1	1	melee	gameplay
main_menu_video_has_stopped	1	1	main	ui
main_menu_restart_video	1	1	main	ui
main_menu_money_shot_check	1	1	main	ui
main_menu_maybe_show_voice_dialog	1	1	main	ui
main_menu_matchmaking	1	1	main	ui
main_menu_continue	1	1	main	ui
main_menu_check_open_nat	1	1	main	ui
main_menu_check_online_privilege	1	1	main	ui
main_menu_check_messages	1	1	main	ui
main_menu_check_chat_priv	1	1	main	ui
los_check_do	1	1	los	gameplay
light_group_detach_from_camera	1	1	light	gameplay
light_group_attach_to_camera	1	1	light	gameplay
level_light_enable_all_do	1	1	level	gameplay
is_syn_tower_destroyed	1	1	is	gameplay
is_a_vehicle	1	1	is	gameplay
inv_item_get_weapon_slot	1	1	inv	gameplay
inv_item_get_anim_group	1	1	inv	gameplay
inv_item_dual_wield	1	1	inv	gameplay
human_downed_set_mars_kb_interactable	1	1	human	gameplay
human_being_revived_by	1	1	human	gameplay
human_being_revived	1	1	human	gameplay
hud_x_of_y_update	1	1	hud	gameplay
hud_x_of_y_add	1	1	hud	gameplay
hud_pop_screen	1	1	hud	gameplay
hud_get_proto_selection	1	1	hud	gameplay
homie_mission_unlock	1	1	homie	gameplay
homie_mission_lock	1	1	homie	gameplay
helicopter_set_large_dspiral	1	1	helicopter	gameplay
helicopter_set_dont_move_in_combat	1	1	helicopter	gameplay
helicopter_set_dont_explode_in_air	1	1	helicopter	gameplay
helicopter_land	1	1	helicopter	gameplay
helicopter_enter_dropoff	1	1	helicopter	gameplay
helicopter_clear_max_bank_angle	1	1	helicopter	gameplay
guardian_angel_start_zone_pinning	1	1	guardian	gameplay
guardian_angel_release_attack_groups	1	1	guardian	gameplay
guardian_angel_clear_zone_pinning	1	1	guardian	gameplay
group_create_hidden_do	1	1	group	gameplay
group_create_do	1	1	group	gameplay
get_world_income_dollars	1	1	get	ui
get_stag_active	1	1	get	gameplay
get_localized_string_for_tag	1	1	get	ui
get_closest_object	1	1	get	gameplay
get_char_in_string	1	1	get	ui
garage_vehicle_load_pending	1	1	garage	ui
garage_remove_vehicle	1	1	garage	ui
garage_get_garage_type	1	1	garage	ui
garage_clear_new	1	1	garage	ui
garage_can_delete	1	1	garage	ui
garage_can_customize	1	1	garage	ui
garage_back_to_customize	1	1	garage	ui
gang_customization_select_vehicle	1	1	gang	ui
gang_customization_select_gang_sign	1	1	gang	ui
gang_customization_revert_vehicle	1	1	gang	ui
gang_customization_revert_gang_sign	1	1	gang	ui
gang_customization_confirm_vehicle	1	1	gang	ui
gang_customization_confirm_gang_sign	1	1	gang	ui
game_use_imperial_units	1	1	game	ui
game_steam_open_url	1	1	game	ui
game_steam_open_dlc_page_overlay	1	1	game	ui
game_request_game_terminate	1	1	game	ui
game_record_set_quality_level	1	1	game	ui
game_record_mode_show_hud	1	1	game	ui
game_record_mode_enable	1	1	game	ui
game_record_mode_can_encode	1	1	game	ui
game_proto_select	1	1	game	ui
game_pause_map_filter	1	1	game	ui
game_machinima_record	1	1	game	ui
game_machinima_overwrite_clip	1	1	game	ui
game_machinima_delete_clip	1	1	game	ui
game_machinima_copy_clip	1	1	game	ui
game_machinima_clip_exists	1	1	game	ui
game_lobby_update_ready_state	1	1	game	ui
game_lobby_horde_continue_from_wave	1	1	game	ui
game_lobby_finished_loading	1	1	game	ui
game_kick_coop_player	1	1	game	ui
game_is_waiting_for_partner	1	1	game	ui
game_is_going_to_main_menu	1	1	game	ui
game_is_german_build	1	1	game	ui
game_is_demo	1	1	game	ui
game_is_debug_reloading_level	1	1	game	ui
game_get_pending_game_play_mode	1	1	game	ui
game_get_game_play_mode	1	1	game	ui
game_get_coop_ping	1	1	game	ui
game_format_int_to_string	1	1	game	ui
game_event_tracking_interface_exit	1	1	game	ui
game_cancel_mission	1	1	game	ui
game_audio_set_rtpc	1	1	game	ui
force_throw_do	1	1	force	gameplay
force_throw_char_do	1	1	force	gameplay
force_fire_target_do	1	1	force	gameplay
force_fire_do	1	1	force	gameplay
follower_is_unconscious	1	1	follower	gameplay
flashpoint_start_mission	1	1	flashpoint	gameplay
flashlights_enable	1	1	flashlights	gameplay
flashlights_disable	1	1	flashlights	gameplay
fade_is_fully_faded_out	1	1	fade	gameplay
fade_is_fully_faded_in	1	1	fade	gameplay
fade_get_percent	1	1	fade	gameplay
dlc3_m03_punch_unload	1	1	dlc3	gameplay
dlc3_m03_punch_load	1	1	dlc3	gameplay
dlc2_m02_clapboards_set	1	1	dlc2	gameplay
dlc2_m02_clapboards_reset	1	1	dlc2	gameplay
dlc2_m02_clapboards_get	1	1	dlc2	gameplay
dialog_pause_unpause	1	1	dialog	ui
dialog_box_create_internal	1	1	dialog	ui
cutscene_play_do	1	1	cutscene	gameplay
cutscene_play_check_done	1	1	cutscene	gameplay
customization_screen_is_ready	1	1	customization	gameplay
customization_creation_is_open	1	1	customization	gameplay
customization_create_character	1	1	customization	gameplay
crib_purchasing_unlock	1	1	crib	gameplay
crib_purchase_purchase_crib	1	1	crib	ui
crib_is_stronghold	1	1	crib	ui
crib_is_garage_disabled	1	1	crib	ui
crib_get_cash_stash	1	1	crib	ui
continuous_explosion_follow_target_remove	1	1	continuous	gameplay
completion_call_callback	1	1	completion	ui
community_login_open	1	1	community	ui
city_load_img_load_complete	1	1	city	ui
cinema_editor_save_clip	1	1	cinema	ui
character_use_synced_finishers	1	1	character	gameplay
character_take_human_shield_do	1	1	character	gameplay
character_set_over_the_shoulder	1	1	character	gameplay
character_prevent_kneecapping	1	1	character	gameplay
character_parachute_play_action	1	1	character	gameplay
character_parachute_open	1	1	character	gameplay
character_is_on_fire	1	1	character	gameplay
character_is_combat_ready	1	1	character	gameplay
character_fake_revival_start	1	1	character	gameplay
character_check_resource_loaded	1	1	character	gameplay
cell_playlist_save_list	1	1	cell	ui
cell_music_menu_toggle_station	1	1	cell	ui
cell_machinima_is_recording	1	1	cell	ui
cell_is_map_disabled	1	1	cell	ui
cell_is_closing	1	1	cell	ui
cell_debug_all_enabled	1	1	cell	ui
cell_cheats_unlock_cheat	1	1	cell	ui
cell_cheats_activate_cheat	1	1	cell	ui
cell_camera_is_enabled	1	1	cell	ui
cell_allow_camera	1	1	cell	ui
camera_script_is_finished	1	1	camera	gameplay
camera_look_through_do	1	1	camera	gameplay
building_purchase_is_crib_being_purchased	1	1	building	ui
boss_battle_matt_set_phase	1	1	boss	gameplay
boss_battle_matt_qte_begin	1	1	boss	gameplay
autil_mashing_minigame_faded_out	1	1	autil	ui
audio_play_id_for_navpoint_do	1	1	audio	gameplay
audio_play_id_for_character_do	1	1	audio	gameplay
audio_play_id_do	1	1	audio	gameplay
audio_play_for_mover_do	1	1	audio	gameplay
audio_play_for_character_weapon_do	1	1	audio	gameplay
audio_play_for_character_do	1	1	audio	gameplay
audio_play_do	1	1	audio	gameplay
assert_screen_is_faded_out	1	1	assert	gameplay
airplane_takeoff_do	1	1	airplane	gameplay
airplane_land_do	1	1	airplane	gameplay
airplane_fly_to_do	1	1	airplane	gameplay
add_object_indicator_to_closest_npc	1	1	add	gameplay
action_play_custom_do	1	1	action	gameplay
Screen_fade_transition_complete	1	1	Screen	ui
