name	runtime_calls	static_calls	state	registered
store_vehicle_get_state	620	3	ui	y
game_UI_audio_play	618	616	ui	y
Completion_is_client	589	3	ui	y
game_peg_load_with_cb	552	62	ui	y
game_hud_update_inventory	259	4	ui	y
tutorial_advance	212	0	gameplay	y
thread_check_done	96	0	both	n
minimap_icon_add_do	42	3	gameplay	y
object_indicator_add_do	42	3	gameplay	y
game_get_key_name_for_action	35	72	ui	y
ai_add_enemy_target	24	183	gameplay	y
ai_clear_scripted_action	24	34	gameplay	y
get_max_hit_points	24	43	gameplay	y
on_qte_animation_trigger	24	14	gameplay	y
on_revived	24	7	gameplay	y
on_take_damage	24	119	gameplay	y
set_current_hit_points	24	28	gameplay	y
set_ignore_ai_flag	24	238	gameplay	y
game_audio_get_audio_id	17	37	ui	y
game_get_key_name	2	442	ui	y
coop_is_active	1	505	gameplay	y
game_get_coop_join_type	1	2	ui	y
