manifest_archive	manifest_path_chain	manifest_name	container_name	entry_count	mission_lua_entry_name	mission_lua_stem	stem_covers_a_start_script	other_entry_type_names
dlc1.vpp_pc	dlc1_sr3_city.asm_pc	dlc1_sr3_city.asm_pc	dlc1_mm_06_modal	1	dlc1_mm_06.lua	dlc1_mm_06	1	
dlc1.vpp_pc	dlc1_sr3_city.asm_pc	dlc1_sr3_city.asm_pc	dlc1_mm_05_modal	2	dlc1_mm_05.lua	dlc1_mm_05	1	Mission Conversation
dlc1.vpp_pc	dlc1_sr3_city.asm_pc	dlc1_sr3_city.asm_pc	dlc1_mm_03_modal	2	dlc1_mm_03.lua	dlc1_mm_03	1	Mission Conversation
dlc1.vpp_pc	dlc1_sr3_city.asm_pc	dlc1_sr3_city.asm_pc	dlc1_mm_02_modal	2	dlc1_mm_02.lua	dlc1_mm_02	1	Mission Conversation
dlc1.vpp_pc	dlc1_sr3_city.asm_pc	dlc1_sr3_city.asm_pc	dlc1_mm_04_modal	2	dlc1_mm_04.lua	dlc1_mm_04	1	Mission Conversation
dlc1.vpp_pc	dlc1_sr3_city.asm_pc	dlc1_sr3_city.asm_pc	dlc1_mm_01_modal	2	dlc1_mm_01.lua	dlc1_mm_01	1	Mission Conversation
dlc1.vpp_pc	dlc1_stream_grid.asm_pc	dlc1_stream_grid.asm_pc	dlc1_mm_06_modal	1	dlc1_mm_06.lua	dlc1_mm_06	1	
dlc1.vpp_pc	dlc1_stream_grid.asm_pc	dlc1_stream_grid.asm_pc	dlc1_mm_05_modal	2	dlc1_mm_05.lua	dlc1_mm_05	1	Mission Conversation
dlc1.vpp_pc	dlc1_stream_grid.asm_pc	dlc1_stream_grid.asm_pc	dlc1_mm_03_modal	2	dlc1_mm_03.lua	dlc1_mm_03	1	Mission Conversation
dlc1.vpp_pc	dlc1_stream_grid.asm_pc	dlc1_stream_grid.asm_pc	dlc1_mm_02_modal	2	dlc1_mm_02.lua	dlc1_mm_02	1	Mission Conversation
dlc1.vpp_pc	dlc1_stream_grid.asm_pc	dlc1_stream_grid.asm_pc	dlc1_mm_04_modal	2	dlc1_mm_04.lua	dlc1_mm_04	1	Mission Conversation
dlc1.vpp_pc	dlc1_stream_grid.asm_pc	dlc1_stream_grid.asm_pc	dlc1_mm_01_modal	2	dlc1_mm_01.lua	dlc1_mm_01	1	Mission Conversation
dlc2.vpp_pc	dlc2_sr3_city.asm_pc	dlc2_sr3_city.asm_pc	dlc2_m01_modal	156	dlc2_m01.lua	dlc2_m01	1	Mission Conversation
dlc2.vpp_pc	dlc2_sr3_city.asm_pc	dlc2_sr3_city.asm_pc	dlc2_m03_modal	150	dlc2_m03.lua	dlc2_m03	1	Mission Conversation
dlc2.vpp_pc	dlc2_sr3_city.asm_pc	dlc2_sr3_city.asm_pc	dlc2_m02_modal	301	dlc2_m02.lua	dlc2_m02	1	Mission Conversation
dlc2.vpp_pc	dlc2_stream_grid.asm_pc	dlc2_stream_grid.asm_pc	dlc2_m01_modal	156	dlc2_m01.lua	dlc2_m01	1	Mission Conversation
dlc2.vpp_pc	dlc2_stream_grid.asm_pc	dlc2_stream_grid.asm_pc	dlc2_m03_modal	150	dlc2_m03.lua	dlc2_m03	1	Mission Conversation
dlc2.vpp_pc	dlc2_stream_grid.asm_pc	dlc2_stream_grid.asm_pc	dlc2_m02_modal	301	dlc2_m02.lua	dlc2_m02	1	Mission Conversation
dlc3.vpp_pc	dlc3_sr3_city.asm_pc	dlc3_sr3_city.asm_pc	dlc3_m02_modal	58	dlc3_m02.lua	dlc3_m02	1	Mission Conversation
dlc3.vpp_pc	dlc3_sr3_city.asm_pc	dlc3_sr3_city.asm_pc	dlc3_m03_modal	100	dlc3_m03.lua	dlc3_m03	1	Mission Conversation
dlc3.vpp_pc	dlc3_sr3_city.asm_pc	dlc3_sr3_city.asm_pc	dlc3_m01_modal	98	dlc3_m01.lua	dlc3_m01	1	Mission Conversation
dlc3.vpp_pc	dlc3_stream_grid.asm_pc	dlc3_stream_grid.asm_pc	dlc3_m02_modal	58	dlc3_m02.lua	dlc3_m02	1	Mission Conversation
dlc3.vpp_pc	dlc3_stream_grid.asm_pc	dlc3_stream_grid.asm_pc	dlc3_m03_modal	100	dlc3_m03.lua	dlc3_m03	1	Mission Conversation
dlc3.vpp_pc	dlc3_stream_grid.asm_pc	dlc3_stream_grid.asm_pc	dlc3_m01_modal	98	dlc3_m01.lua	dlc3_m01	1	Mission Conversation
sr3_city_0.vpp_pc	stream_grid.asm_pc	stream_grid.asm_pc	m02_modal	66	m02.lua	m02	1	Mission Conversation
sr3_city_0.vpp_pc	stream_grid.asm_pc	stream_grid.asm_pc	sh03_modal	129	sh03.lua	sh03	1	Mission Conversation
sr3_city_0.vpp_pc	stream_grid.asm_pc	stream_grid.asm_pc	m08_modal	112	m08.lua	m08	1	Mission Conversation
sr3_city_0.vpp_pc	stream_grid.asm_pc	stream_grid.asm_pc	mm_k_04_modal	8	mm_k_04.lua	mm_k_04	0	Mission Conversation
sr3_city_0.vpp_pc	stream_grid.asm_pc	stream_grid.asm_pc	mm_p_01_modal	15	mm_p_01.lua	mm_p_01	1	Mission Conversation
sr3_city_0.vpp_pc	stream_grid.asm_pc	stream_grid.asm_pc	m17_modal	118	m17.lua	m17	1	Mission Conversation
sr3_city_0.vpp_pc	stream_grid.asm_pc	stream_grid.asm_pc	m16_modal	197	m16.lua	m16	1	Mission Conversation
sr3_city_0.vpp_pc	stream_grid.asm_pc	stream_grid.asm_pc	m18_modal	81	m18.lua	m18	1	Mission Conversation
sr3_city_0.vpp_pc	stream_grid.asm_pc	stream_grid.asm_pc	mm_z_01_modal	8	mm_z_01.lua	mm_z_01	0	Mission Conversation
sr3_city_0.vpp_pc	stream_grid.asm_pc	stream_grid.asm_pc	mm_k_06_modal	8	mm_k_06.lua	mm_k_06	0	Mission Conversation
sr3_city_0.vpp_pc	stream_grid.asm_pc	stream_grid.asm_pc	mm_z_02_modal	8	mm_z_02.lua	mm_z_02	0	Mission Conversation
sr3_city_0.vpp_pc	stream_grid.asm_pc	stream_grid.asm_pc	m07_modal	186	m07.lua	m07	1	Mission Conversation
sr3_city_0.vpp_pc	stream_grid.asm_pc	stream_grid.asm_pc	m11_modal	98	m11.lua	m11	1	Mission Conversation
sr3_city_0.vpp_pc	stream_grid.asm_pc	stream_grid.asm_pc	m24_modal	74	m24.lua	m24	1	Mission Conversation
sr3_city_0.vpp_pc	stream_grid.asm_pc	stream_grid.asm_pc	m10_modal	78	m10.lua	m10	1	Mission Conversation
sr3_city_0.vpp_pc	stream_grid.asm_pc	stream_grid.asm_pc	m23_modal	61	m23.lua	m23	1	Mission Conversation
sr3_city_0.vpp_pc	stream_grid.asm_pc	stream_grid.asm_pc	m05_modal	86	m05.lua	m05	1	Mission Conversation
sr3_city_0.vpp_pc	stream_grid.asm_pc	stream_grid.asm_pc	mm_k_05_modal	8	mm_k_05.lua	mm_k_05	0	Mission Conversation
sr3_city_0.vpp_pc	stream_grid.asm_pc	stream_grid.asm_pc	mm_k_03_modal	15	mm_k_03.lua	mm_k_03	0	Mission Conversation
sr3_city_0.vpp_pc	stream_grid.asm_pc	stream_grid.asm_pc	m13_modal	71	m13.lua	m13	1	Mission Conversation
sr3_city_0.vpp_pc	stream_grid.asm_pc	stream_grid.asm_pc	mm_a_03_modal	8	mm_a_03.lua	mm_a_03	0	Mission Conversation
sr3_city_0.vpp_pc	stream_grid.asm_pc	stream_grid.asm_pc	m04_modal	83	m04.lua	m04	1	Mission Conversation
sr3_city_0.vpp_pc	stream_grid.asm_pc	stream_grid.asm_pc	mm_p_04_modal	8	mm_p_04.lua	mm_p_04	1	Mission Conversation
sr3_city_0.vpp_pc	stream_grid.asm_pc	stream_grid.asm_pc	m12_modal	99	m12.lua	m12	1	Mission Conversation
sr3_city_0.vpp_pc	stream_grid.asm_pc	stream_grid.asm_pc	sh02_modal	38	sh02.lua	sh02	1	Mission Conversation
sr3_city_0.vpp_pc	stream_grid.asm_pc	stream_grid.asm_pc	mm_z_05_modal	8	mm_z_05.lua	mm_z_05	0	Mission Conversation
sr3_city_0.vpp_pc	stream_grid.asm_pc	stream_grid.asm_pc	mm_a_01_modal	8	mm_a_01.lua	mm_a_01	0	Mission Conversation
sr3_city_0.vpp_pc	stream_grid.asm_pc	stream_grid.asm_pc	m19_modal	157	m19.lua	m19	1	Mission Conversation
sr3_city_0.vpp_pc	stream_grid.asm_pc	stream_grid.asm_pc	mm_z_04_modal	8	mm_z_04.lua	mm_z_04	0	Mission Conversation
sr3_city_0.vpp_pc	stream_grid.asm_pc	stream_grid.asm_pc	m03_modal	159	m03.lua	m03	1	Mission Conversation
sr3_city_0.vpp_pc	stream_grid.asm_pc	stream_grid.asm_pc	mm_p_03_modal	78	mm_p_03.lua	mm_p_03	1	Mission Conversation
sr3_city_0.vpp_pc	stream_grid.asm_pc	stream_grid.asm_pc	m21_modal	56	m21.lua	m21	1	Mission Conversation
sr3_city_0.vpp_pc	stream_grid.asm_pc	stream_grid.asm_pc	mm_z_03_modal	8	mm_z_03.lua	mm_z_03	0	Mission Conversation
sr3_city_0.vpp_pc	stream_grid.asm_pc	stream_grid.asm_pc	mm_p_02_modal	8	mm_p_02.lua	mm_p_02	1	Mission Conversation
sr3_city_0.vpp_pc	stream_grid.asm_pc	stream_grid.asm_pc	sh04_modal	44	sh04.lua	sh04	1	Mission Conversation
sr3_city_0.vpp_pc	stream_grid.asm_pc	stream_grid.asm_pc	m20_modal	144	m20.lua	m20	1	Mission Conversation
sr3_city_0.vpp_pc	stream_grid.asm_pc	stream_grid.asm_pc	mm_k_01_modal	8	mm_k_01.lua	mm_k_01	0	Mission Conversation
sr3_city_0.vpp_pc	stream_grid.asm_pc	stream_grid.asm_pc	m06_modal	107	m06.lua	m06	1	Mission Conversation
sr3_city_0.vpp_pc	stream_grid.asm_pc	stream_grid.asm_pc	mm_m16_5_modal	8	mm_m16_5.lua	mm_m16_5	1	Mission Conversation
sr3_city_0.vpp_pc	stream_grid.asm_pc	stream_grid.asm_pc	sh01_modal	61	sh01.lua	sh01	1	Mission Conversation
sr3_city_0.vpp_pc	stream_grid.asm_pc	stream_grid.asm_pc	m01_modal	166	m01.lua	m01	1	Mission Conversation
sr3_city_0.vpp_pc	stream_grid.asm_pc	stream_grid.asm_pc	m22_modal	216	m22.lua	m22	1	Mission Conversation
sr3_city_0.vpp_pc	stream_grid.asm_pc	stream_grid.asm_pc	mm_p_05_modal	8	mm_p_05.lua	mm_p_05	1	Mission Conversation
sr3_city_0.vpp_pc	stream_grid.asm_pc	stream_grid.asm_pc	_a_ga_nw_01_modal	36	_a_ga_nw_01.lua	_a_ga_nw_01	0	Activity table file,Mission Conversation
sr3_city_0.vpp_pc	stream_grid.asm_pc	stream_grid.asm_pc	mm_a_02_modal	8	mm_a_02.lua	mm_a_02	0	Mission Conversation
sr3_city_0.vpp_pc	stream_grid.asm_pc	stream_grid.asm_pc	mm_k_02_modal	15	mm_k_02.lua	mm_k_02	0	Mission Conversation
sr3_city_0.vpp_pc	stream_grid.asm_pc	stream_grid.asm_pc	mm_a_05_modal	8	mm_a_05.lua	mm_a_05	0	Mission Conversation
sr3_city_0.vpp_pc	stream_grid.asm_pc	stream_grid.asm_pc	mm_p_07_modal	8	mm_p_07.lua	mm_p_07	1	Mission Conversation
sr3_city_0.vpp_pc	stream_grid.asm_pc	stream_grid.asm_pc	mm_a_04_modal	8	mm_a_04.lua	mm_a_04	0	Mission Conversation
sr3_city_0.vpp_pc	stream_grid.asm_pc	stream_grid.asm_pc	mm_p_06_modal	8	mm_p_06.lua	mm_p_06	1	Mission Conversation
sr3_city_0.vpp_pc	stream_grid.asm_pc	stream_grid.asm_pc	_a_ga_dt_03_modal	30	_a_ga_dt_03.lua	_a_ga_dt_03	0	Activity table file,Mission Conversation
sr3_city_0.vpp_pc	stream_grid.asm_pc	stream_grid.asm_pc	m15_modal	114	m15.lua	m15	1	Mission Conversation
sr3_city_0.vpp_pc	stream_grid.asm_pc	stream_grid.asm_pc	mm_m1_5_modal	1	mm_m1_5.lua	mm_m1_5	1	
sr3_city_0.vpp_pc	stream_grid.asm_pc	stream_grid.asm_pc	m09_modal	184	m09.lua	m09	1	Mission Conversation
sr3_city_0.vpp_pc	stream_grid.asm_pc	stream_grid.asm_pc	m14_modal	130	m14.lua	m14	1	Mission Conversation
