stem	entry_name	container_name	script_found	load_ok	load_error	pcall_ok	pcall_error	start_func_name	start_existed	start_attempted	start_call_ok	start_call_error	ticks_survived	stop_reason	first_error_message	first_unimplemented_stub	start_suspended	start_suspended_at
dlc1_mm_06	dlc1_mm_06.lua	dlc1_mm_06_modal	1	1		1		dlc1_mm_06_start	1	1	1		2	completion (2 consecutive identical tick signatures - real, measured idempotence, CHOSEN stopping convention, see this block's own top comment)	engine state named-object resolution['Killbane'] is OPEN (spec-lua-api-behaviour.md Sec3.9/Sec10.6): no spec gives its value, so it is not modelled		0	
dlc1_mm_05	dlc1_mm_05.lua	dlc1_mm_05_modal	1	1		1		dlc1_mm_05_start	1	1	1		2	completion (2 consecutive identical tick signatures - real, measured idempotence, CHOSEN stopping convention, see this block's own top comment)	engine state named-object resolution['Killbane'] is OPEN (spec-lua-api-behaviour.md Sec3.9/Sec10.6): no spec gives its value, so it is not modelled		0	
dlc1_mm_03	dlc1_mm_03.lua	dlc1_mm_03_modal	1	1		1		dlc1_mm_03_start	1	1	1		2	completion (2 consecutive identical tick signatures - real, measured idempotence, CHOSEN stopping convention, see this block's own top comment)	engine state named-object resolution['Killbane'] is OPEN (spec-lua-api-behaviour.md Sec3.9/Sec10.6): no spec gives its value, so it is not modelled		0	
dlc1_mm_02	dlc1_mm_02.lua	dlc1_mm_02_modal	1	1		1		dlc1_mm_02_start	1	1	1		2	completion (2 consecutive identical tick signatures - real, measured idempotence, CHOSEN stopping convention, see this block's own top comment)	engine state named-object resolution['Killbane'] is OPEN (spec-lua-api-behaviour.md Sec3.9/Sec10.6): no spec gives its value, so it is not modelled		0	
dlc1_mm_04	dlc1_mm_04.lua	dlc1_mm_04_modal	1	1		1		dlc1_mm_04_start	1	1	1		2	completion (2 consecutive identical tick signatures - real, measured idempotence, CHOSEN stopping convention, see this block's own top comment)	engine state named-object resolution['Killbane'] is OPEN (spec-lua-api-behaviour.md Sec3.9/Sec10.6): no spec gives its value, so it is not modelled		0	
dlc1_mm_01	dlc1_mm_01.lua	dlc1_mm_01_modal	1	1		1		dlc1_mm_01_start	1	1	1		2	completion (2 consecutive identical tick signatures - real, measured idempotence, CHOSEN stopping convention, see this block's own top comment)	engine state named-object resolution['Killbane'] is OPEN (spec-lua-api-behaviour.md Sec3.9/Sec10.6): no spec gives its value, so it is not modelled		0	
dlc2_m01	dlc2_m01.lua	dlc2_m01_modal	1	1		1		dlc2_m01_start	1	1	1		2	completion (2 consecutive identical tick signatures - real, measured idempotence, CHOSEN stopping convention, see this block's own top comment)	engine state named-object resolution['Killbane'] is OPEN (spec-lua-api-behaviour.md Sec3.9/Sec10.6): no spec gives its value, so it is not modelled		1	[string "game_lib.lua"]:1409 (in fade_out_block)
dlc2_m03	dlc2_m03.lua	dlc2_m03_modal	1	1		1		dlc2_m03_start	1	1	1		2	completion (2 consecutive identical tick signatures - real, measured idempotence, CHOSEN stopping convention, see this block's own top comment)	engine state named-object resolution['Killbane'] is OPEN (spec-lua-api-behaviour.md Sec3.9/Sec10.6): no spec gives its value, so it is not modelled		1	[string "game_lib.lua"]:1412 (in fade_out_block)
dlc2_m02	dlc2_m02.lua	dlc2_m02_modal	1	1		1		dlc2_m02_start	1	1	1		2	completion (2 consecutive identical tick signatures - real, measured idempotence, CHOSEN stopping convention, see this block's own top comment)	engine state named-object resolution['Killbane'] is OPEN (spec-lua-api-behaviour.md Sec3.9/Sec10.6): no spec gives its value, so it is not modelled		1	[string "game_lib.lua"]:1412 (in fade_out_block)
dlc3_m02	dlc3_m02.lua	dlc3_m02_modal	1	1		1		dlc3_m02_start	1	1	1		2	completion (2 consecutive identical tick signatures - real, measured idempotence, CHOSEN stopping convention, see this block's own top comment)	engine state named-object resolution['Killbane'] is OPEN (spec-lua-api-behaviour.md Sec3.9/Sec10.6): no spec gives its value, so it is not modelled		1	[string "game_lib.lua"]:1412 (in fade_out_block)
dlc3_m03	dlc3_m03.lua	dlc3_m03_modal	1	1		1		dlc3_m03_start	1	1	1		2	completion (2 consecutive identical tick signatures - real, measured idempotence, CHOSEN stopping convention, see this block's own top comment)	engine state named-object resolution['Killbane'] is OPEN (spec-lua-api-behaviour.md Sec3.9/Sec10.6): no spec gives its value, so it is not modelled		1	[string "game_lib.lua"]:1412 (in fade_out_block)
dlc3_m01	dlc3_m01.lua	dlc3_m01_modal	1	1		1		dlc3_m01_start	1	1	1		2	completion (2 consecutive identical tick signatures - real, measured idempotence, CHOSEN stopping convention, see this block's own top comment)	engine state named-object resolution['Killbane'] is OPEN (spec-lua-api-behaviour.md Sec3.9/Sec10.6): no spec gives its value, so it is not modelled		1	[string "game_lib.lua"]:1412 (in fade_out_block)
m02	m02.lua	m02_modal	1	1		1		m02_start	1	1	1		2	completion (2 consecutive identical tick signatures - real, measured idempotence, CHOSEN stopping convention, see this block's own top comment)	engine state named-object resolution['Killbane'] is OPEN (spec-lua-api-behaviour.md Sec3.9/Sec10.6): no spec gives its value, so it is not modelled		1	[string "game_lib.lua"]:1412 (in fade_out_block)
sh03	sh03.lua	sh03_modal	1	1		1		sh03_start	1	1	1		2	completion (2 consecutive identical tick signatures - real, measured idempotence, CHOSEN stopping convention, see this block's own top comment)	engine state named-object resolution['Killbane'] is OPEN (spec-lua-api-behaviour.md Sec3.9/Sec10.6): no spec gives its value, so it is not modelled		1	[string "game_lib.lua"]:1412 (in fade_out_block)
m08	m08.lua	m08_modal	1	1		1		m08_start	1	1	1		2	completion (2 consecutive identical tick signatures - real, measured idempotence, CHOSEN stopping convention, see this block's own top comment)	engine state named-object resolution['Killbane'] is OPEN (spec-lua-api-behaviour.md Sec3.9/Sec10.6): no spec gives its value, so it is not modelled		1	[string "game_lib.lua"]:1412 (in fade_out_block)
mm_p_01	mm_p_01.lua	mm_p_01_modal	1	1		1		mm_p_01_start	1	1	0	zscene_prep: engine state 0x0153b530 (current scene entry) is OPEN (spec-lua-api-behaviour.md Sec26.25): no spec gives its value, so it is not modelled	2	completion (2 consecutive identical tick signatures - real, measured idempotence, CHOSEN stopping convention, see this block's own top comment)	zscene_prep: engine state 0x0153b530 (current scene entry) is OPEN (spec-lua-api-behaviour.md Sec26.25): no spec gives its value, so it is not modelled		0	
m17	m17.lua	m17_modal	1	1		1		m17_start	1	1	1		2	completion (2 consecutive identical tick signatures - real, measured idempotence, CHOSEN stopping convention, see this block's own top comment)	engine state named-object resolution['Killbane'] is OPEN (spec-lua-api-behaviour.md Sec3.9/Sec10.6): no spec gives its value, so it is not modelled		1	[string "game_lib.lua"]:1412 (in fade_out_block)
m16	m16.lua	m16_modal	1	1		1		m16_start	1	1	1		2	completion (2 consecutive identical tick signatures - real, measured idempotence, CHOSEN stopping convention, see this block's own top comment)	engine state named-object resolution['Killbane'] is OPEN (spec-lua-api-behaviour.md Sec3.9/Sec10.6): no spec gives its value, so it is not modelled		1	[string "game_lib.lua"]:1412 (in fade_out_block)
m18	m18.lua	m18_modal	1	1		1		m18_start	1	1	1		2	completion (2 consecutive identical tick signatures - real, measured idempotence, CHOSEN stopping convention, see this block's own top comment)	engine state named-object resolution['Killbane'] is OPEN (spec-lua-api-behaviour.md Sec3.9/Sec10.6): no spec gives its value, so it is not modelled		1	[string "game_lib.lua"]:1412 (in fade_out_block)
m07	m07.lua	m07_modal	1	1		1		m07_start	1	1	1		2	completion (2 consecutive identical tick signatures - real, measured idempotence, CHOSEN stopping convention, see this block's own top comment)	engine state named-object resolution['Killbane'] is OPEN (spec-lua-api-behaviour.md Sec3.9/Sec10.6): no spec gives its value, so it is not modelled		1	[string "game_lib.lua"]:1412 (in fade_out_block)
m11	m11.lua	m11_modal	1	1		1		m11_start	1	1	1		2	completion (2 consecutive identical tick signatures - real, measured idempotence, CHOSEN stopping convention, see this block's own top comment)	engine state named-object resolution['Killbane'] is OPEN (spec-lua-api-behaviour.md Sec3.9/Sec10.6): no spec gives its value, so it is not modelled		1	[string "game_lib.lua"]:1412 (in fade_out_block)
m24	m24.lua	m24_modal	1	1		1		m24_start	1	1	1		2	completion (2 consecutive identical tick signatures - real, measured idempotence, CHOSEN stopping convention, see this block's own top comment)	engine state named-object resolution['Killbane'] is OPEN (spec-lua-api-behaviour.md Sec3.9/Sec10.6): no spec gives its value, so it is not modelled		1	[string "game_lib.lua"]:1412 (in fade_out_block)
m10	m10.lua	m10_modal	1	1		1		m10_start	1	1	1		2	completion (2 consecutive identical tick signatures - real, measured idempotence, CHOSEN stopping convention, see this block's own top comment)	engine state named-object resolution['Killbane'] is OPEN (spec-lua-api-behaviour.md Sec3.9/Sec10.6): no spec gives its value, so it is not modelled		1	[string "game_lib.lua"]:1412 (in fade_out_block)
m23	m23.lua	m23_modal	1	1		1		m23_start	1	1	1		2	completion (2 consecutive identical tick signatures - real, measured idempotence, CHOSEN stopping convention, see this block's own top comment)	engine state named-object resolution['Killbane'] is OPEN (spec-lua-api-behaviour.md Sec3.9/Sec10.6): no spec gives its value, so it is not modelled		1	[string "game_lib.lua"]:1412 (in fade_out_block)
m05	m05.lua	m05_modal	1	1		1		m05_start	1	1	1		2	completion (2 consecutive identical tick signatures - real, measured idempotence, CHOSEN stopping convention, see this block's own top comment)	engine state named-object resolution['Killbane'] is OPEN (spec-lua-api-behaviour.md Sec3.9/Sec10.6): no spec gives its value, so it is not modelled		1	[string "game_lib.lua"]:1412 (in fade_out_block)
m13	m13.lua	m13_modal	1	1		1		m13_start	1	1	1		2	completion (2 consecutive identical tick signatures - real, measured idempotence, CHOSEN stopping convention, see this block's own top comment)	engine state named-object resolution['Killbane'] is OPEN (spec-lua-api-behaviour.md Sec3.9/Sec10.6): no spec gives its value, so it is not modelled		1	[string "game_lib.lua"]:1412 (in fade_out_block)
m04	m04.lua	m04_modal	1	1		1		m04_start	1	1	1		2	completion (2 consecutive identical tick signatures - real, measured idempotence, CHOSEN stopping convention, see this block's own top comment)	engine state named-object resolution['Killbane'] is OPEN (spec-lua-api-behaviour.md Sec3.9/Sec10.6): no spec gives its value, so it is not modelled		1	[string "game_lib.lua"]:1412 (in fade_out_block)
mm_p_04	mm_p_04.lua	mm_p_04_modal	1	1		1		mm_p_04_start	1	1	1		2	completion (2 consecutive identical tick signatures - real, measured idempotence, CHOSEN stopping convention, see this block's own top comment)	engine state named-object resolution['Killbane'] is OPEN (spec-lua-api-behaviour.md Sec3.9/Sec10.6): no spec gives its value, so it is not modelled		0	
m12	m12.lua	m12_modal	1	1		1		m12_start	1	1	1		2	completion (2 consecutive identical tick signatures - real, measured idempotence, CHOSEN stopping convention, see this block's own top comment)	engine state named-object resolution['Killbane'] is OPEN (spec-lua-api-behaviour.md Sec3.9/Sec10.6): no spec gives its value, so it is not modelled		1	[string "game_lib.lua"]:1412 (in fade_out_block)
sh02	sh02.lua	sh02_modal	1	1		1		sh02_start	1	1	1		2	completion (2 consecutive identical tick signatures - real, measured idempotence, CHOSEN stopping convention, see this block's own top comment)	engine state named-object resolution['Killbane'] is OPEN (spec-lua-api-behaviour.md Sec3.9/Sec10.6): no spec gives its value, so it is not modelled		1	[string "game_lib.lua"]:1412 (in fade_out_block)
m19	m19.lua	m19_modal	1	1		1		m19_start	1	1	1		2	completion (2 consecutive identical tick signatures - real, measured idempotence, CHOSEN stopping convention, see this block's own top comment)	engine state named-object resolution['Killbane'] is OPEN (spec-lua-api-behaviour.md Sec3.9/Sec10.6): no spec gives its value, so it is not modelled		1	[string "game_lib.lua"]:1412 (in fade_out_block)
m03	m03.lua	m03_modal	1	1		1		m03_start	1	1	1		2	completion (2 consecutive identical tick signatures - real, measured idempotence, CHOSEN stopping convention, see this block's own top comment)	engine state named-object resolution['Killbane'] is OPEN (spec-lua-api-behaviour.md Sec3.9/Sec10.6): no spec gives its value, so it is not modelled		1	[string "game_lib.lua"]:1412 (in fade_out_block)
mm_p_03	mm_p_03.lua	mm_p_03_modal	1	1		1		mm_p_03_start	1	1	1		2	completion (2 consecutive identical tick signatures - real, measured idempotence, CHOSEN stopping convention, see this block's own top comment)	engine state named-object resolution['Killbane'] is OPEN (spec-lua-api-behaviour.md Sec3.9/Sec10.6): no spec gives its value, so it is not modelled		1	[string "game_lib.lua"]:1412 (in fade_out_block)
m21	m21.lua	m21_modal	1	1		1		m21_start	1	1	1		2	completion (2 consecutive identical tick signatures - real, measured idempotence, CHOSEN stopping convention, see this block's own top comment)	engine state named-object resolution['Killbane'] is OPEN (spec-lua-api-behaviour.md Sec3.9/Sec10.6): no spec gives its value, so it is not modelled		1	[string "game_lib.lua"]:1412 (in fade_out_block)
mm_p_02	mm_p_02.lua	mm_p_02_modal	1	1		1		mm_p_02_start	1	1	1		2	completion (2 consecutive identical tick signatures - real, measured idempotence, CHOSEN stopping convention, see this block's own top comment)	engine state named-object resolution['Killbane'] is OPEN (spec-lua-api-behaviour.md Sec3.9/Sec10.6): no spec gives its value, so it is not modelled		0	
sh04	sh04.lua	sh04_modal	1	1		1		sh04_start	1	1	1		2	completion (2 consecutive identical tick signatures - real, measured idempotence, CHOSEN stopping convention, see this block's own top comment)	engine state named-object resolution['Killbane'] is OPEN (spec-lua-api-behaviour.md Sec3.9/Sec10.6): no spec gives its value, so it is not modelled		1	[string "game_lib.lua"]:1412 (in fade_out_block)
m20	m20.lua	m20_modal	1	1		1		m20_start	1	1	1		2	completion (2 consecutive identical tick signatures - real, measured idempotence, CHOSEN stopping convention, see this block's own top comment)	engine state named-object resolution['Killbane'] is OPEN (spec-lua-api-behaviour.md Sec3.9/Sec10.6): no spec gives its value, so it is not modelled		1	[string "game_lib.lua"]:1412 (in fade_out_block)
m06	m06.lua	m06_modal	1	1		1		m06_start	1	1	1		2	completion (2 consecutive identical tick signatures - real, measured idempotence, CHOSEN stopping convention, see this block's own top comment)	engine state named-object resolution['Killbane'] is OPEN (spec-lua-api-behaviour.md Sec3.9/Sec10.6): no spec gives its value, so it is not modelled		1	[string "game_lib.lua"]:1412 (in fade_out_block)
mm_m16_5	mm_m16_5.lua	mm_m16_5_modal	1	1		1		mm_m16_5_start	1	1	1		2	completion (2 consecutive identical tick signatures - real, measured idempotence, CHOSEN stopping convention, see this block's own top comment)	engine state named-object resolution['Killbane'] is OPEN (spec-lua-api-behaviour.md Sec3.9/Sec10.6): no spec gives its value, so it is not modelled		1	[string "game_lib.lua"]:1399 (in fade_in_block)
sh01	sh01.lua	sh01_modal	1	1		1		sh01_start	1	1	1		2	completion (2 consecutive identical tick signatures - real, measured idempotence, CHOSEN stopping convention, see this block's own top comment)	engine state named-object resolution['Killbane'] is OPEN (spec-lua-api-behaviour.md Sec3.9/Sec10.6): no spec gives its value, so it is not modelled		1	[string "game_lib.lua"]:1409 (in fade_out_block)
m01	m01.lua	m01_modal	1	1		1		m01_start	1	1	1		2	completion (2 consecutive identical tick signatures - real, measured idempotence, CHOSEN stopping convention, see this block's own top comment)	engine state named-object resolution['Killbane'] is OPEN (spec-lua-api-behaviour.md Sec3.9/Sec10.6): no spec gives its value, so it is not modelled		1	[string "game_lib.lua"]:1409 (in fade_out_block)
m22	m22.lua	m22_modal	1	1		1		m22_start	1	1	1		2	completion (2 consecutive identical tick signatures - real, measured idempotence, CHOSEN stopping convention, see this block's own top comment)	engine state named-object resolution['Killbane'] is OPEN (spec-lua-api-behaviour.md Sec3.9/Sec10.6): no spec gives its value, so it is not modelled		1	[string "game_lib.lua"]:1409 (in fade_out_block)
mm_p_05	mm_p_05.lua	mm_p_05_modal	1	1		1		mm_p_05_start	1	1	1		2	completion (2 consecutive identical tick signatures - real, measured idempotence, CHOSEN stopping convention, see this block's own top comment)	engine state named-object resolution['Killbane'] is OPEN (spec-lua-api-behaviour.md Sec3.9/Sec10.6): no spec gives its value, so it is not modelled		1	[string "game_lib.lua"]:1409 (in fade_out_block)
mm_p_07	mm_p_07.lua	mm_p_07_modal	1	1		1		mm_p_07_start	1	1	1		2	completion (2 consecutive identical tick signatures - real, measured idempotence, CHOSEN stopping convention, see this block's own top comment)	engine state named-object resolution['Killbane'] is OPEN (spec-lua-api-behaviour.md Sec3.9/Sec10.6): no spec gives its value, so it is not modelled		1	[string "game_lib.lua"]:1399 (in fade_in_block)
mm_p_06	mm_p_06.lua	mm_p_06_modal	1	1		1		mm_p_06_start	1	1	1		2	completion (2 consecutive identical tick signatures - real, measured idempotence, CHOSEN stopping convention, see this block's own top comment)	engine state named-object resolution['Killbane'] is OPEN (spec-lua-api-behaviour.md Sec3.9/Sec10.6): no spec gives its value, so it is not modelled		1	[string "game_lib.lua"]:1409 (in fade_out_block)
m15	m15.lua	m15_modal	1	1		1		m15_start	1	1	1		2	completion (2 consecutive identical tick signatures - real, measured idempotence, CHOSEN stopping convention, see this block's own top comment)	engine state named-object resolution['Killbane'] is OPEN (spec-lua-api-behaviour.md Sec3.9/Sec10.6): no spec gives its value, so it is not modelled		1	[string "game_lib.lua"]:1409 (in fade_out_block)
mm_m1_5	mm_m1_5.lua	mm_m1_5_modal	1	1		1		mm_m1_5_start	1	1	1		2	completion (2 consecutive identical tick signatures - real, measured idempotence, CHOSEN stopping convention, see this block's own top comment)	engine state named-object resolution['Killbane'] is OPEN (spec-lua-api-behaviour.md Sec3.9/Sec10.6): no spec gives its value, so it is not modelled		0	
m09	m09.lua	m09_modal	1	1		1		m09_start	1	1	1		2	completion (2 consecutive identical tick signatures - real, measured idempotence, CHOSEN stopping convention, see this block's own top comment)	engine state named-object resolution['Killbane'] is OPEN (spec-lua-api-behaviour.md Sec3.9/Sec10.6): no spec gives its value, so it is not modelled		1	[string "game_lib.lua"]:1409 (in fade_out_block)
m14	m14.lua	m14_modal	1	1		1		m14_start	1	1	1		2	completion (2 consecutive identical tick signatures - real, measured idempotence, CHOSEN stopping convention, see this block's own top comment)	engine state named-object resolution['Killbane'] is OPEN (spec-lua-api-behaviour.md Sec3.9/Sec10.6): no spec gives its value, so it is not modelled		1	[string "game_lib.lua"]:1409 (in fade_out_block)
